100000,สินทรัพย์,สินทรัพย์ ประกอบด้วยเลขอ้างอิงที่ 2 ถึง 41
100100,เงินสดและรายการเทียบเท่าเงินสด,"หมายถึง รายการดังต่อไปนี้
1. เงินสด หมายถึง รายการดังต่อไปนี้
1.1 ธนบัตรและเหรียญกษาปณ์ที่บริษัทหลักทรัพย์มี รวมทั้งเงินสด ธนาณัติ ตั๋วแลกเงินไปรษณีย์ เช็คที่ถึงกำหนดแต่ยังมิได้นำฝาก เช็คเดินทาง ดราฟต์ของธนาคาร
1.2 เงินฝากธนาคารกระแสรายวันและออมทรัพย์ และเงินฝากประจำและบัตรเงินฝากที่มีอายุไม่เกิน 3 เดือนนับจากวันที่ได้มา แต่ไม่รวมเงินฝากที่มีภาระผูกพัน

2. รายการเทียบเท่าเงินสด หมายถึง เงินลงทุนระยะสั้นที่มีสภาพคล่องสูง ซึ่งพร้อมจะเปลี่ยนเป็นเงินสดในจำนวนที่ทราบได้และมีความเสี่ยงที่ไม่มีนัยสำคัญต่อการเปลี่ยนแปลงในมูลค่า ซึ่งส่วนใหญ่เป็นตั๋วเงินหรือตั๋วสัญญาใช้เงินที่สถาบันการเงินเป็นผู้ออก รับรองหรืออาวัล โดยบริษัทหลักทรัพย์มีวัตถุประสงค์ในการถือไว้เพื่อจ่ายชำระภาระผูกพันระยะสั้น มากกว่าเพื่อลงทุนหรือเพื่อวัตถุประสงค์อื่น เช่น ตั๋วเงินประเภทเผื่อเรียก ตั๋วเงินที่มีอายุภายใน 3 เดือน หรือน้อยกว่านับจากวันที่ได้มา เป็นต้น"
100700,หลักทรัพย์ซื้อโดยมีสัญญาขายคืน,หมายถึง การให้กู้ยืมเงินโดยมีข้อตกลงที่จะรับโอนสินทรัพย์ทางการเงินจากอีกฝ่ายหนึ่งโดยการแลกเปลี่ยนกับเงินสดหรือสิ่งตอบแทนอื่นของบริษัทหลักทรัพย์ ในขณะเดียวกับที่ก่อให้เกิดภาระผูกพันที่จะขายสินทรัพย์ทางการเงินนั้นคืนในอนาคตด้วยจำนวนที่เท่ากับเงินสดหรือสิ่งตอบแทนอื่นที่ได้มอบให้ไว้บวกดอกเบี้ยหรือผลตอบแทนอื่นที่คล้ายคลึงกัน
100900,ลูกหนี้สำนักหักบัญชีและบริษัทหลักทรัพย์,"หมายถึง ยอดรวมของยอดดุลสุทธิ ดังต่อไปนี้
1. ยอดดุลสุทธิลูกหนี้สำนักหักบัญชี ที่เกิดจากการชำระราคาซื้อขายหลักทรัพย์รายวันเฉพาะส่วนที่สำนักหักบัญชีมียอดสุทธิเป็นลูกหนี้และยังค้างชำระกับบริษัทหลักทรัพย์ รวมถึงเงินที่บริษัทหลักทรัพย์นำไปวางเป็นประกันกับสำนักหักบัญชี ในการทำธุรกรรมหลักทรัพย์
2. ยอดดุลสุทธิลูกหนี้สำนักหักบัญชี ที่เกิดจากการชำระราคาซื้อขายสัญญาซื้อขายล่วงหน้าผ่านสำนักหักบัญชี รวมถึงเงินที่บริษัทหลักทรัพย์นำไปวางเป็นประกันกับสำนักหักบัญชี ในการทำธุรกรรมอนุพันธ์
3. ยอดดุลสุทธิลูกหนี้บริษัทหลักทรัพย์ต่างประเทศที่เกิดจากการชำระราคาซื้อขายหลักทรัพย์หรือซื้อขายสัญญาซื้อขายล่วงหน้าในต่างประเทศผ่านบริษัทหลักทรัพย์ต่างประเทศ รวมถึงเงินที่บริษัทหลักทรัพย์นำไปวางไว้กับบริษัทหลักทรัพย์ต่างประเทศเพื่อเป็นหลักประกันการซื้อขายหรือรอการชำระราคาในต่างประเทศ
4. ยอดดุลสุทธิลูกหนี้บริษัทหลักทรัพย์ในประเทศที่เกิดจากการชำระราคาซื้อขายหลักทรัพย์หรือซื้อขายสัญญาซื้อขายล่วงหน้าในประเทศผ่านบริษัทหลักทรัพย์ในประเทศ รวมถึงเงินที่บริษัทหลักทรัพย์นำไปวางไว้กับบริษัทหลักทรัพย์ในประเทศเพื่อเป็นหลักประกันการซื้อขายหรือรอการชำระราคาในประเทศ"
101000,ลูกหนี้ธุรกิจหลักทรัพย์และสัญญาซื้อขายล่วงหน้า,"หมายถึง ยอดรวมของยอดดุลสุทธิ ดังต่อไปนี้
1. ลูกหนี้ธุรกิจหลักทรัพย์และสัญญาซื้อขายล่วงหน้า หมายถึง ยอดดุลสุทธิลูกหนี้ธุรกิจหลักทรัพย์ และลูกหนี้ธุรกิจสัญญาซื้อขายล่วงหน้า บวกกับดอกเบี้ยค้างรับและรายได้ดอกเบี้ยที่ยังไม่ถึงกำหนดชำระตามสัญญาที่คำนวณตามวิธีอัตราดอกเบี้ยที่แท้จริง (Effective interest rate) หลังหักค่าเผื่อผลขาดทุนด้านเครดิตที่คาดว่าจะเกิดขึ้น (Allowance for expected credit loss) ทั้งนี้ ลูกหนี้ธุรกิจหลักทรัพย์ให้รวมถึงลูกหนี้ลูกค้าที่ซื้อขายหลักทรัพย์ด้วยเงินสด ลูกหนี้เงินให้กู้ยืมเพื่อซื้อหลักทรัพย์โดยใช้หลักทรัพย์ที่ซื้อนั้นมาวางเป็นประกัน อันได้แก่ เงินที่นำไปวางเป็นประกันกับเจ้าหนี้หุ้นยืมหรือกับสำนักหักบัญชี ลูกหนี้จากธุรกรรมยืมและให้ยืมหลักทรัพย์ ทั้งนี้ให้รวมถึงลูกหนี้ที่เกี่ยวข้องกับการประกอบธุรกิจหลักทรัพย์และธุรกิจซื้อขายสัญญาซื้อขายล่วงหน้าอื่น 

2. ค่าเผื่อผลขาดทุนด้านเครดิตที่คาดว่าจะเกิดขึ้น หมายถึง จำนวนเงินที่กันไว้สำหรับส่วนที่คาดว่าจะไม่ได้รับจากลูกหนี้ธุรกิจหลักทรัพย์และสัญญาซื้อขายล่วงหน้าที่วัดมูลค่าด้วยราคาทุนตัดจำหน่าย รวมทั้งภาระผูกพันที่จะให้สินเชื่อและสัญญาค้ำประกันทางการเงิน ซึ่งประกอบด้วยส่วนที่คาดว่าจะไม่ได้รับใน 12 เดือนข้างหน้า (12-month expected credit loss) และส่วนที่คาดว่าจะไม่ได้รับตลอดอายุของเครื่องมือทางการเงิน (Lifetime expected credit loss) ตามที่กำหนดในมาตรฐานรายงานทางการเงินที่เกี่ยวข้อง"
102200,ลูกหนี้ตามสัญญาเช่า - สุทธิ,หมายถึง ลูกหนี้ที่เกิดจากสัญญาเช่าซึ่งจะถึงกำหนดชำระ และบริษัทหลักทรัพย์คาดว่าจะได้รับชำระ สุทธิจากค่าเผื่อผลขาดทุนด้านเครดิตที่คาดว่าจะเกิดขึ้น
101100,รายได้ค่าธรรมเนียมและบริการค้างรับจากธุรกิจจัดการลงทุน,หมายถึง รายได้ค่าธรรมเนียมที่เกี่ยวข้องกับธุรกิจจัดการลงทุน ที่ได้รับรู้เป็นรายได้แล้ว แต่ยังไม่ได้รับชำระเงิน เช่น ค่าธรรมเนียมการจัดการค้างรับ ค่าธรรมเนียมนายทะเบียนค้างรับ เป็นต้น
102040,ลูกหนี้การค้า,หมายถึง สิทธิของบริษัทหลักทรัพย์โดยปราศจากเงื่อนไขที่มีต่อสิ่งตอบแทน ยกเว้นเงื่อนไขการจ่ายชำระสิ่งตอบแทนที่เป็นไปตามกำหนดเวลาที่ผ่านไป เช่น เงินที่ลูกค้าค้างชำระค่าสินค้าหรือค่าบริการที่บริษัทหลักทรัพย์ได้ส่งมอบสินค้าหรือให้บริการเสร็จสิ้นแล้ว เหลือเพียงแต่ระยะเวลาการจ่ายชำระตามกำหนดเวลาสินเชื่อ (Credit term) เท่านั้น รวมทั้งลูกหนี้ตามตั๋วเงินรับอันเกิดจากค่าสินค้าหรือบริการดังกล่าว
103000,สินทรัพย์อนุพันธ์,"หมายถึง สินทรัพย์อนุพันธ์ ซึ่งบริษัทหลักทรัพย์มีสิทธิตามสัญญาที่จะได้รับเงินสดหรือสินทรัพย์ทางการเงินอื่นจากกิจการอื่น หรือสิทธิตามสัญญาที่จะแลกเปลี่ยนเครื่องมือทางการเงินของบริษัทหลักทรัพย์กับเครื่องมือทางการเงินของกิจการอื่นภายใต้เงื่อนไขที่จะเป็นประโยชน์ต่อบริษัทหลักทรัพย์

สินทรัพย์อนุพันธ์ ประกอบด้วยรายการดังต่อไปนี้
1. อนุพันธ์เพื่อค้า หมายถึง อนุพันธ์ที่ถือไว้โดยไม่ได้มีวัตถุประสงค์เพื่อใช้ในการป้องกันความเสี่ยง ซึ่งรวมถึงการทำสัญญาอนุพันธ์กับลูกค้า และอนุพันธ์แฝงที่แยกออกจากสัญญาหลักได้ โดยอนุพันธ์เพื่อค้า มีลักษณะทุกข้อต่อไปนี้
1.1 มูลค่าของตราสารดังกล่าวจะผันแปรได้ตามอัตราดอกเบี้ย ราคาของตราสารการเงิน ราคาสินค้าโภคภัณฑ์ อัตราแลกเปลี่ยน ดัชนีราคาหรือดัชนีอัตรา หรือตัวแปรอื่นใด
1.2 ไม่มีการจ่ายเงินลงทุนสุทธิเมื่อเริ่มแรก หรือจ่ายด้วยจำนวนเพียงเล็กน้อยเมื่อเทียบกับสัญญาประเภทอื่น ซึ่งมีการตอบสนองในลักษณะเดียวกันกับปัจจัยตลาด และ
1.3 การรับหรือการจ่ายชำระที่จะกระทำในอนาคต

2. อนุพันธ์เพื่อการป้องกันความเสี่ยง หมายถึง อนุพันธ์ที่ถือไว้โดยมีวัตถุประสงค์เพื่อใช้ในการป้องกันความเสี่ยง และบริษัทเลือกปฏิบัติตามวิธีการบัญชีป้องกันความเสี่ยง (ตามที่กำหนดไว้ในมาตรฐานการรายงานทางการเงิน ฉบับที่ 9 เรื่อง เครื่องมือทางการเงิน)"
101660,เงินลงทุนที่ไม่ได้วางเป็นประกัน,"หมายถึง  เงินลงทุนที่บริษัทหลักทรัพย์ไม่ได้นำไปวางเป็นประกันสำหรับหนี้สินหรือหนี้สินที่อาจเกิดขึ้น โดยแสดงมูลค่าสุทธิหลังจากบวกหรือหักการปรับมูลค่ายุติธรรม และ/หรือ ค่าเผื่อผลขาดทุนด้านเครดิตที่คาดว่าจะเกิดขึ้นของเงินลงทุน

เงินลงทุนที่ไม่ได้วางเป็นประกัน ประกอบด้วยรายการดังต่อไปนี้
1. เงินลงทุนตามวิธีมูลค่ายุติธรรมผ่านกำไรหรือขาดทุน หมายถึง เงินลงทุนที่วัดมูลค่าด้วยมูลค่ายุติธรรมผ่านกำไรหรือขาดทุนตามที่กำหนดในมาตรฐานการรายงานทางการเงินที่เกี่ยวข้อง ได้แก่ รายการดังต่อไปนี้
1.1 เงินลงทุนเพื่อค้า หมายถึง เงินลงทุนที่ได้มาโดยมีวัตถุประสงค์หลักเพื่อขายในอนาคตอันใกล้ หรือเงินลงทุนที่ถูกกำหนดให้เป็นส่วนหนึ่งของกลุ่มเครื่องมือทางการเงินซึ่งถูกบริหารเป็นกลุ่ม ณ วันที่รับรู้รายการเริ่มแรกและมีหลักฐานที่แสดงถึงรูปแบบของการทำกำไรระยะสั้นที่เกิดขึ้นจริงในปัจจุบันตามที่กำหนดในมาตรฐานการรายงานทางการเงินที่เกี่ยวข้อง
1.2 เงินลงทุนที่กำหนดให้วัดมูลค่าด้วยมูลค่ายุติธรรม หมายถึง เงินลงทุนที่บริษัทหลักทรัพย์กำหนดให้วัดมูลค่าด้วยมูลค่ายุติธรรมผ่านกำไรหรือขาดทุน เนื่องจากช่วยขจัดหรือลดความไม่สอดคล้องอย่างมีนัยสำคัญในการวัดมูลค่าหรือการรับรู้รายการ (Accounting mismatch) ซึ่งอาจเกิดขึ้นจากการวัดมูลค่าสินทรัพย์หรือหนี้สิน หรือการรับรู้กำไรและขาดทุนจากรายการดังกล่าวด้วยเกณฑ์แตกต่างกันตามที่กำหนดในมาตรฐานการรายงานทางการเงินที่เกี่ยวข้อง
1.3 เงินลงทุนตามวิธีมูลค่ายุติธรรมผ่านกำไรหรือขาดทุน หมายถึง เงินลงทุนในตราสารหนี้และตราสารทุนที่วัดมูลค่าด้วยมูลค่ายุติธรรมผ่านกำไรหรือขาดทุนตามที่กำหนดในมาตรฐานการรายงานทางการเงินที่เกี่ยวข้อง ทั้งนี้ ไม่รวมถึงเงินลงทุนที่กำหนดไว้ในรายการ เงินลงทุนเพื่อค้า และเงินลงทุนที่กำหนดให้วัดมูลค่าด้วยมูลค่ายุติธรรม

2. เงินลงทุนตามวิธีมูลค่ายุติธรรมผ่านกำไรขาดทุนเบ็ดเสร็จอื่น หมายถึง เงินลงทุนในตราสารหนี้ที่วัดมูลค่าด้วยมูลค่ายุติธรรมผ่านกำไรขาดทุนเบ็ดเสร็จอื่น และเงินลงทุนในตราสารทุนที่กำหนดให้วัดมูลค่าด้วยมูลค่ายุติธรรมผ่านกำไรขาดทุนเบ็ดเสร็จอื่น ตามที่กำหนดในมาตรฐานการรายงานทางการเงินที่เกี่ยวข้อง

3. เงินลงทุนตามวิธีราคาทุนตัดจำหน่าย หมายถึง เงินลงทุนในตราสารหนี้ที่วัดมูลค่าด้วยราคาทุนตัดจำหน่าย ตามที่กำหนดในมาตรฐานการรายงานทางการเงินที่เกี่ยวข้อง"
101670,เงินลงทุนที่วางเป็นประกัน,"หมายถึง เงินลงทุนที่บริษัทหลักทรัพย์นำไปวางเป็นประกันสำหรับหนี้สินหรือหนี้สินที่อาจเกิดขึ้น รวมถึงเงินลงทุนที่ให้ยืมในธุรกรรมให้ยืมหลักทรัพย์ เพื่อให้เป็นไปตามมาตรฐานการรายงานทางการเงิน ฉบับที่ 9 เรื่อง เครื่องมือทางการเงิน และมาตรฐานการรายงานทางการเงิน ฉบับที่ 7 เรื่องการเปิดเผยข้อมูลสำหรับเครื่องมือทางการเงิน ซึ่งกำหนดให้เปิดเผยมูลค่าตามบัญชีของสินทรัพย์ทางการเงินที่บริษัทหลักทรัพย์นำไปวางเป็นหลักประกันสำหรับหนี้สินหรือหนี้สินที่อาจเกิดขึ้น แยกต่างหากจากสินทรัพย์อื่น

เงินลงทุนที่วางเป็นประกัน ประกอบด้วยเลขอ้างอิงที่ 12 ถึง 13"
101671,เงินลงทุนที่วางเป็นประกันและไม่ได้ให้สิทธิผู้รับโอนขายหรือวางประกันอีกทอดหนึ่ง,หมายถึง เงินลงทุนที่ต้องจัดประเภทรายการใหม่แยกจากสินทรัพย์อื่น เนื่องจากคู่สัญญา (ผู้รับโอนสินทรัพย์) ไม่มีสิทธิในการนำสินทรัพย์ดังกล่าวไปขายหรือวางเป็นหลักประกันอีกทอดหนึ่ง
101672,เงินลงทุนที่วางเป็นประกันและให้สิทธิผู้รับโอนขายหรือวางประกันอีกทอดหนึ่ง,หมายถึง เงินลงทุนที่ต้องจัดประเภทรายการใหม่แยกจากสินทรัพย์อื่น เนื่องจากคู่สัญญา (ผู้รับโอนสินทรัพย์) มีสิทธิในการนำสินทรัพย์ดังกล่าวไปขายหรือวางเป็นหลักประกันอีกทอดหนึ่ง
102500,เงินให้กู้ยืม,"หมายถึง ยอดดุลสุทธิของเงินให้กู้ยืมทุกประเภท บวกดอกเบี้ยค้างรับและรายได้ดอกเบี้ยที่ยังไม่ถึงกำหนดชำระตามสัญญา ที่คำนวณตามวิธีอัตราดอกเบี้ยที่แท้จริง หลังการหักค่าเผื่อผลขาดทุนด้านเครดิตที่คาดว่าจะเกิดขึ้น ซึ่งรวมถึงลูกหนี้ในลักษณะอื่นใด เช่น เงินให้กู้ยืมแก่บุคคลหรือกิจการที่เกี่ยวข้องกัน เงินให้กู้ยืมแก่สถาบันการเงิน (กรณีเป็นบริษัทหลักทรัพย์เพื่อธุรกิจหลักทรัพย์ (TSFC)) เป็นต้น ทั้งนี้ ไม่รวมถึงเลขอ้างอิงที่ 4 ลูกหนี้สำนักหักบัญชีและบริษัทหลักทรัพย์ เลขอ้างอิงที่ 5 ลูกหนี้ธุรกิจหลักทรัพย์และสัญญาซื้อขายล่วงหน้า และเลขอ้างอิงที่ 8 ลูกหนี้การค้า

เงินให้กู้ยืม - สุทธิ ประกอบด้วยเลขอ้างอิงที่ 15 ถึง 16"
102510,บุคคลหรือกิจการอื่น,หมายถึง เงินให้กู้ยืม - สุทธิที่เป็นรายการกับบุคคลหรือกิจการที่ไม่มีความเกี่ยวข้องกัน (อ้างอิงตามคำนิยามของบุคคลหรือกิจการที่เกี่ยวข้องกันตามมาตรฐานการบัญชี ฉบับที่ 24 เรื่อง บุคคลหรือกิจการที่เกี่ยวข้องกัน)
102520,บุคคลหรือกิจการที่เกี่ยวข้องกัน,หมายถึง เงินให้กู้ยืม - สุทธิที่เป็นรายการกับบุคคลหรือกิจการที่เกี่ยวข้องกัน (อ้างอิงตามคำนิยามของบุคคลหรือกิจการที่เกี่ยวข้องกันตามมาตรฐานการบัญชี ฉบับที่ 24 เรื่อง บุคคลหรือกิจการที่เกี่ยวข้องกัน)
102900,สินค้าคงเหลือ - สุทธิ,หมายถึง สินค้าสำเร็จรูป งานหรือสินค้าระหว่างทำ วัตถุดิบบรรจุภัณฑ์ วัตถุดิบและวัสดุที่ใช้ในการผลิตเพื่อขายหรือให้บริการตามปกติธุรกิจของบริษัท ที่บริษัทยังไม่โอนการควบคุมในสินค้าดังกล่าวให้แก่ลูกค้า โดยแสดงเป็นจำนวนเงินสุทธิจากค่าเผื่อการลดลงในมูลค่า และค่าเผื่อสินค้าล้าสมัยและเสื่อมสภาพ ทั้งนี้ ลักษณะของสินค้าคงเหลือดังกล่าวขึ้นอยู่กับลักษณะการประกอบธุรกิจตามปกติของบริษัท 
102600,เงินลงทุนในบริษัทย่อย บริษัทร่วม และการร่วมค้า ที่บันทึกโดยวิธีส่วนได้เสีย - สุทธิ,"หมายถึง รายการดังต่อไปนี้
1. เงินลงทุนในบริษัทย่อย หมายถึง เงินลงทุนที่บริษัทมีอำนาจควบคุมในกิจการผู้ถูกลงทุนนั้น
2. เงินลงทุนในบริษัทร่วม หมายถึง เงินลงทุนที่บริษัทมีอิทธิพลอย่างมีนัยสำคัญในกิจการผู้ถูกลงทุนนั้น แต่ไม่ถึงกับมีอำนาจควบคุมหรือมีการควบคุมร่วม
3. เงินลงทุนในการร่วมค้า หมายถึง เงินลงทุนที่บริษัทมีอำนาจควบคุมร่วมในกิจการผู้ถูกลงทุนนั้น โดยบริษัทมีสิทธิในสินทรัพย์สุทธิของการร่วมการงานนั้น

ทั้งนี้เฉพาะส่วนของเงินลงทุนที่บันทึกด้วยวิธีส่วนได้เสีย (Equity method) สุทธิหลังหักค่าเผื่อการด้อยค่าเท่านั้น

เงินลงทุนในบริษัทย่อย บริษัทร่วม และการร่วมค้า ที่บันทึกโดยวิธีส่วนได้เสีย - สุทธิ เป็นรายการสุทธิของเลขอ้างอิงที่ 19 ถึง 21"
102610,เงินลงทุนในบริษัทย่อย,หมายถึง เงินลงทุนที่บริษัทมีอำนาจควบคุมในกิจการผู้ถูกลงทุนนั้นที่บันทึกด้วยวิธีส่วนได้เสีย (Equity method) สุทธิจากค่าเผื่อการด้อยค่า
102620,เงินลงทุนในบริษัทร่วม,หมายถึง เงินลงทุนที่บริษัทมีอิทธิพลอย่างมีนัยสำคัญในกิจการผู้ถูกลงทุนนั้น แต่ไม่ถึงกับมีอำนาจควบคุมหรือมีการควบคุมร่วมที่บันทึกด้วยวิธีส่วนได้เสีย (Equity method) สุทธิจากค่าเผื่อการด้อยค่า
102630,เงินลงทุนในการร่วมค้า,หมายถึง เงินลงทุนที่บริษัทมีอำนาจควบคุมร่วมในกิจการผู้ถูกลงทุนนั้น โดยบริษัทมีสิทธิในสินทรัพย์สุทธิของการร่วมการงานนั้นที่บันทึกด้วยวิธีส่วนได้เสีย (Equity method) สุทธิจากค่าเผื่อการด้อยค่า
102700,เงินลงทุนในบริษัทย่อย บริษัทร่วม และการร่วมค้า ที่บันทึกด้วยวิธีอื่น - สุทธิ,"หมายถึง รายการดังต่อไปนี้
1. เงินลงทุนในบริษัทย่อย หมายถึง เงินลงทุนที่บริษัทมีอำนาจควบคุมในกิจการผู้ถูกลงทุนนั้น
2. เงินลงทุนในบริษัทร่วม หมายถึง เงินลงทุนที่บริษัทมีอิทธิพลอย่างมีนัยสำคัญในกิจการผู้ถูกลงทุนนั้น แต่ไม่ถึงกับมีอำนาจควบคุมหรือมีการควบคุมร่วม
3. เงินลงทุนในการร่วมค้า หมายถึง เงินลงทุนที่บริษัทมีอำนาจควบคุมร่วมในกิจการผู้ถูกลงทุนนั้น โดยบริษัทมีสิทธิในสินทรัพย์สุทธิของการร่วมการงานนั้น

ทั้งนี้เฉพาะส่วนของเงินลงทุนที่บันทึกบัญชีด้วย วิธีราคาทุนสุทธิจากค่าเผื่อการด้อยค่า และ/หรือ วิธีมูลค่ายุติธรรมเท่านั้น

เงินลงทุนในบริษัทย่อย บริษัทร่วม และการร่วมค้า อื่น ๆ - สุทธิ เป็นรายการสุทธิของเลขอ้างอิงที่ 23 ถึง 25"
102710,เงินลงทุนในบริษัทย่อย,หมายถึง เงินลงทุนที่บริษัทมีอำนาจควบคุมในกิจการผู้ถูกลงทุนนั้นที่บันทึกบัญชีด้วยวิธีราคาทุนสุทธิจากค่าเผื่อการด้อยค่า และ/หรือ วิธีมูลค่ายุติธรรม
102720,เงินลงทุนในบริษัทร่วม,หมายถึง เงินลงทุนที่บริษัทมีอิทธิพลอย่างมีนัยสำคัญในกิจการผู้ถูกลงทุนนั้น แต่ไม่ถึงกับมีอำนาจควบคุมหรือมีการควบคุมร่วมที่บันทึกบัญชีด้วยวิธีราคาทุนสุทธิจากค่าเผื่อการด้อยค่า และ/หรือ วิธีมูลค่ายุติธรรม
102730,เงินลงทุนในการร่วมค้า,หมายถึง เงินลงทุนที่บริษัทมีอำนาจควบคุมร่วมในกิจการผู้ถูกลงทุนนั้น โดยบริษัทมีสิทธิในสินทรัพย์สุทธิของการร่วมการงานนั้นที่บันทึกบัญชีด้วยวิธีราคาทุนสุทธิจากค่าเผื่อการด้อยค่า และ/หรือ วิธีมูลค่ายุติธรรม
103100,สินทรัพย์ทางการเงินอื่น,หมายถึง สินทรัพย์ทางการเงินอื่นใดนอกจากเลขอ้างอิงที่ 2 ถึง 16 และ 18 ถึง 25
103200,สินทรัพย์ที่เกิดจากสัญญา,หมายถึง สิทธิที่บริษัทจะได้รับค่าตอบแทนเป็นการแลกเปลี่ยนกับสินค้าหรือบริการซึ่งบริษัทได้โอนการควบคุมในสินค้าหรือบริการให้กับลูกค้าแล้ว โดยสิทธิดังกล่าวเป็นสิทธิที่มีเงื่อนไข (ไม่เข้าเงื่อนไขของการเป็นสิทธิอันปราศจากเงื่อนไขตามที่กำหนดไว้ในรายการลูกหนี้การค้าข้างต้น) กล่าวคือ ยังมีเงื่อนไขบางประการ นอกจากเงื่อนไขเวลา เช่น บริษัทต้องปฏิบัติให้เสร็จสิ้นตามผลการปฏิบัติงานในอนาคตเพื่อให้เข้าเงื่อนไขการจ่ายชำระตามสัญญา (Milestone payments) หรือยังไม่ถึงกำหนดเรียกชำระเงินจากลูกค้าตามขั้นความสำเร็จของงาน เป็นต้น ทั้งนี้ รวมถึง รายได้ค้างรับ 
103700,อสังหาริมทรัพย์เพื่อการลงทุน - สุทธิ,หมายถึง อสังหาริมทรัพย์ (ที่ดิน หรืออาคาร หรือส่วนของอาคาร/ส่วนควบอาคาร หรือ ทั้งที่ดินและอาคาร) ที่ถือครองโดยเจ้าของ หรือได้มาตามสัญญาเช่า (สินทรัพย์สิทธิการใช้) เพื่อหาประโยชน์จากรายได้ค่าเช่าหรือจากการเพิ่มขึ้นของมูลค่าของสินทรัพย์ หรือทั้งสองอย่าง โดยไม่ได้มีไว้เพื่อใช้ในการผลิตหรือจัดหาสินค้า ให้บริการ ใช้ในการบริหารงานของบริษัทหลักทรัพย์ หรือขายตามลักษณะการประกอบธุรกิจตามปกติ  โดยแสดงด้วยมูลค่ายุติธรรม หรือราคาทุนสุทธิจากค่าเสื่อมราคาสะสมและการด้อยค่า
103800,ที่ดิน อาคาร และอุปกรณ์ - สุทธิ,"หมายถึง สินทรัพย์ที่มีตัวตนซึ่งเข้าเงื่อนไขทุกข้อ ดังต่อไปนี้
1. บริษัทมีไว้เพื่อประโยชน์ในการผลิต เพื่อใช้ในการจำหน่ายสินค้าหรือให้บริการ เพื่อให้เช่า หรือเพื่อใช้ในการบริหารงาน
2. บริษัทคาดว่าจะใช้ประโยชน์มากกว่าหนึ่งรอบระยะเวลาบัญชี
ให้แสดงด้วยมูลค่าตามบัญชีสุทธิ หลังหักค่าเสื่อมราคาสะสมและค่าเผื่อการด้อยค่าสะสม

ทั้งนี้ รวมถึง สินทรัพย์สิทธิการใช้ในที่ดิน อาคาร และอุปกรณ์ ที่เข้าตามคำนิยามข้างต้น ซึ่งบริษัทเลือกที่จะไม่แยกแสดงเป็น “สินทรัพย์สิทธิการใช้ – สุทธิ” (เลขอ้างอิงที่ 30)"
103900,สินทรัพย์สิทธิการใช้ - สุทธิ,หมายถึง สินทรัพย์ที่แสดงสิทธิของผู้เช่าในการใช้สินทรัพย์ตามสัญญาเช่า สุทธิจากค่าเสื่อมราคาสะสมและการด้อยค่า เฉพาะในกรณีที่บริษัทหลักทรัพย์เลือกที่จะแสดงรายการสินทรัพย์สิทธิการใช้เป็นรายการแยกต่างหาก ทั้งนี้ ไม่รวมสินทรัพย์สิทธิการใช้ที่จัดประเภทเป็นอสังหาริมทรัพย์เพื่อการลงทุน ที่กำหนดให้แสดงรวมอยู่ อสังหาริมทรัพย์เพื่อการลงทุน – สุทธิ (ในเลขอ้างอิงที่ 28) ข้างต้น
104100,สินทรัพย์ไม่มีตัวตน - สุทธิ,หมายถึง สินทรัพย์ที่ไม่เป็นตัวเงินที่สามารถระบุได้และไม่มีลักษณะทางกายภาพ ที่ไม่ใช่ค่าความนิยม เช่น ลิขสิทธิ์ สิทธิบัตร เป็นต้น ทั้งนี้ ให้แสดงด้วยมูลค่าตามบัญชีสุทธิ หลังหักค่าตัดจำหน่ายสะสมและค่าเผื่อการด้อยค่า
104200,ค่าความนิยม - สุทธิ,หมายถึง สินทรัพย์ที่แสดงถึงประโยชน์เชิงเศรษฐกิจในอนาคตอื่นที่บริษัทหลักทรัพย์คาดว่าจะได้รับจากการรวมธุรกิจ ซึ่งประโยชน์ในอนาคตอื่นนั้นไม่สามารถระบุและรับรู้เป็นรายการแยกต่างหากได้ เช่น ต้นทุนที่ประหยัดได้จากการรวมธุรกิจ การได้มาซึ่งบุคลากรที่มีความรู้ความสามารถในธุรกิจ เป็นต้น โดยแสดงด้วยมูลค่าสุทธิ หลังหักค่าเผื่อการด้อยค่า
104400,สินทรัพย์ภาษีเงินได้รอตัดบัญชี,หมายถึง จำนวนภาษีเงินได้ที่สามารถขอคืนได้ในอนาคต ซึ่งเกิดจากผลแตกต่างชั่วคราวที่ใช้หักภาษี ขาดทุนทางภาษีที่ยังไม่ได้ใช้ยกไป และเครดิตภาษีที่ยังไม่ได้ใช้ยกไป ทั้งนี้ ให้เป็นไปตามที่กำหนดในมาตรฐานการรายงานทางการเงินที่เกี่ยวข้อง 
104500,ภาษีเงินได้นิติบุคคลค้างรับ,หมายถึง จำนวนภาษีเงินได้นิติบุคคลที่บริษัทสามารถขอคืนได้และคาดว่าจะได้รับคืนไม่ว่าจะเป็นในรูปเงินคืนภาษีหรือจะได้รับประโยชน์เป็นเครดิตทางภาษี
105000,ลูกหนี้ที่เกิดจากภาษีอื่นหรือรายการอื่นภายใต้กฎหมาย,"หมายถึง ลูกหนี้ที่เกิดจากภาษีอื่นหรือรายการอื่นภายใต้กฎหมายซึ่งบังคับใช้กับบริษัท ที่บริษัทสามารถขอคืนได้และคาดว่าจะได้คืน หรือจะได้รับประโยชน์เป็นเครดิตทางภาษี  นอกเหนือจากเลขอ้างอิงที่ 34

ลูกหนี้ที่เกิดจากภาษีอื่นหรือรายการอื่นภายใต้กฎหมาย ประกอบด้วยเลขอ้างอิงที่ 36 ถึง 37"
105010,ลูกหนี้ภาษีค้างรับ,หมายถึง ค่าภาษีหรืออากรค้างรับ หรือเครดิตทางภาษีที่จะได้รับจากหน่วยงานจัดเก็บ เช่น  ภาษีธุรกิจเฉพาะ เครดิตภาษีอากรนำเข้าจากกรมศุลกากร ภาษีมูลค่าเพิ่มที่รอขอคืน เป็นต้น
105090,ลูกหนี้ที่เกิดจากภาษีอื่นหรือรายการอื่นภายใต้กฎหมาย - อื่น ๆ,หมายถึง ลูกหนี้ที่เกิดจากภาษีอื่นหรือรายการอื่นภายใต้กฎหมายซึ่งบังคับใช้กับบริษัท  นอกเหนือจากเลขอ้างอิงที่ 36
104700,สินทรัพย์ไม่หมุนเวียน และ/หรือ กลุ่มสินทรัพย์ที่ยกเลิกซึ่งถือไว้เพื่อขาย,หมายถึง สินทรัพย์ไม่หมุนเวียน (หรือกลุ่มสินทรัพย์ไม่หมุนเวียน) ที่บริษัทหลักทรัพย์ตั้งใจจะจำหน่ายภายในระยะเวลา 12 เดือน ที่เข้าเงื่อนไขการจัดประเภทเป็นสินทรัพย์ไม่หมุนเวียนที่ถือไว้เพื่อขาย ทั้งนี้ รวมถึงสินทรัพย์ไม่หมุนเวียน (หรือกลุ่มสินทรัพย์ที่จะจำหน่าย) ที่จัดประเภทเป็นสินทรัพย์ที่ถือไว้เพื่อจ่ายคืนให้แก่ผู้เป็นเจ้าของ 
104800,สินทรัพย์ดิจิทัล,หมายถึง สินทรัพย์ดิจิทัลที่บริษัทหลักทรัพย์คาดว่าจะได้รับชำระ ทั้งนี้ การได้รับชำระอาจเป็นการได้รับสินค้าหรือบริการในอนาคต เช่น สกุลเงินดิจิทัล (Cryptocurrency หรือ Digital currency) ซึ่งเป็นสื่อกลางในการแลกเปลี่ยนที่ต้องใช้วิทยาการเข้ารหัสลับเป็นการรับประกันการทำธุรกรรม หรือ เหรียญดิจิทัล (Digital token) ซึ่งสินทรัพย์ดังกล่าวอาจไม่สามารถนำไปชำระหนี้สินได้ตามกฎหมาย หรือไม่อาจรับประกันในสภาพคล่องได้ อีกทั้งมูลค่าของสินทรัพย์ดิจิทัลดังกล่าวอาจมีความผันผวนและมีความไม่แน่นอนได้
109900,สินทรัพย์อื่น - สุทธิ,หมายถึง สินทรัพย์อื่นนอกจากที่กำหนดให้แสดงไว้ในเลขอ้างอิงที่ 2 ถึง 39
109999,รวมสินทรัพย์,รวมสินทรัพย์ เป็นผลรวมของเลขอ้างอิงที่ 2 ถึง 40
200000,หนี้สิน,หนี้สิน ประกอบด้วยเลขอ้างอิงที่ 43 ถึง 78
200600,หลักทรัพย์ขายโดยมีสัญญาซื้อคืน,หมายถึง การกู้ยืมเงินโดยมีข้อตกลงที่จะโอนสินทรัพย์ทางการเงินให้กับอีกฝ่ายหนึ่งเพื่อแลกเปลี่ยน กับเงินสดหรือสิ่งตอบแทนอื่น ในขณะเดียวกับที่ก่อให้เกิดภาระผูกพันที่จะซื้อสินทรัพย์ทางการเงินนั้นคืนในอนาคตด้วยจำนวนที่เท่ากับเงินสด หรือสิ่งตอบแทนอื่นที่ได้แลกเปลี่ยนไว้บวกดอกเบี้ยหรือ ผลตอบแทนอื่นที่คล้ายคลึงกัน
200800,เจ้าหนี้สำนักหักบัญชีและบริษัทหลักทรัพย์,"หมายถึง ยอดรวมของยอดดุลสุทธิ ดังต่อไปนี้ 
1. ยอดดุลสุทธิเจ้าหนี้สำนักหักบัญชี ที่เกิดจากการชำระราคาซื้อขายหลักทรัพย์รายวัน เฉพาะส่วนที่สำนักหักบัญชีมียอดสุทธิเป็นเจ้าหนี้และบริษัทหลักทรัพย์ยังค้างชำระ 
2. ยอดดุลสุทธิเจ้าหนี้สำนักหักบัญชี ที่เกิดจากการชำระราคาซื้อขายสัญญาซื้อขายล่วงหน้าผ่านสำนักหักบัญชี 
3. ยอดดุลสุทธิเจ้าหนี้บริษัทหลักทรัพย์ต่างประเทศที่เกิดจากการชำระราคาซื้อขายหลักทรัพย์หรือ ซื้อขายสัญญาซื้อขายล่วงหน้าในต่างประเทศผ่านบริษัทหลักทรัพย์ต่างประเทศ 
4. ยอดดุลสุทธิเจ้าหนี้บริษัทหลักทรัพย์ในประเทศที่เกิดจากการชำระราคาซื้อขายหลักทรัพย์หรือ ซื้อขายสัญญาซื้อขายล่วงหน้าในประเทศผ่านบริษัทหลักทรัพย์ในประเทศ "
200900,เจ้าหนี้ธุรกิจหลักทรัพย์และสัญญาซื้อขายล่วงหน้า,หมายถึง ภาระของบริษัทหลักทรัพย์จากการประกอบธุรกิจหลักทรัพย์และธุรกิจสัญญาซื้อขายล่วงหน้าที่มีต่อบุคคลภายนอก เช่น ยอดดุลสุทธิเจ้าหนี้ลูกค้าที่ซื้อขายหลักทรัพย์ด้วยเงินสด ภาระที่ต้องส่งมอบหลักทรัพย์ เนื่องจากการขายชอร์ตหรือจากการยืมหลักทรัพย์ และภาระที่ต้องส่งคืนทรัพย์สินที่ บริษัทหลักทรัพย์ถือไว้เพื่อเป็นประกันการให้ยืมหลักทรัพย์ เป็นต้น 
201900,เงินกู้ยืมจากสถาบันการเงิน,หมายถึง เงินกู้ยืมทุกประเภททั้งในประเทศและต่างประเทศ เช่น เงินกู้ยืมจากสถาบันการเงิน เงินเบิกเกินบัญชีธนาคาร ตั๋วสัญญาใช้เงินที่ออกให้กับสถาบันการเงิน เป็นต้น ทั้งนี้ ไม่รวมถึงเงินกู้ยืมกับบุคคลหรือนิติบุคคลที่มิใช่สถาบันการเงินและการออกตราสารหนี้เพื่อการระดมทุนทั่วไปซึ่งออกจำหน่ายให้แก่สถาบันการเงิน นิติบุคคล และประชาชนเป็นการทั่วไป
202000,ตราสารหนี้ที่ออกและเงินกู้ยืม,"หมายถึง การกู้ยืมเงินจากบุคคลหรือนิติบุคคลโดยการออกตราสารหนี้ หรือการออกตราสารหนี้ เพื่อการระดมทุนทั่วไปซึ่งออกจำหน่ายให้แก่สถาบันการเงิน นิติบุคคล และประชาชนเป็นการทั่วไป รวมทั้งการกู้ยืมเงินจากบุคคลหรือนิติบุคคลอื่นที่มิใช่สถาบันการเงิน

ตราสารหนี้ที่ออกและเงินกู้ยืม ประกอบด้วยเลขอ้างอิงที่ 48 ถึง 56"
201700,เงินกู้ยืมระยะสั้น,"หมายถึง เงินกู้ยืมระยะสั้น รวมทั้งหนี้สินในลักษณะอื่นใด ที่ครบกำหนดชำระภายในหนึ่งปี 

เงินกู้ยืมระยะสั้น ประกอบด้วยเลขอ้างอิงที่ 49 ถึง 50"
201710,บุคคลหรือกิจการอื่น,หมายถึง เงินกู้ยืมระยะสั้นที่เป็นรายการกับบุคคลหรือกิจการที่ไม่มีความเกี่ยวข้องกัน (อ้างอิงตามคำนิยามของบุคคลหรือกิจการที่เกี่ยวข้องกันตามมาตรฐานการบัญชี ฉบับที่ 24 เรื่อง บุคคลหรือกิจการที่เกี่ยวข้องกัน)
201720,บุคคลหรือกิจการที่เกี่ยวข้องกัน,หมายถึง เงินกู้ยืมระยะสั้นที่เป็นรายการกับบุคคลหรือกิจการที่เกี่ยวข้องกัน (อ้างอิงตามคำนิยามของบุคคลหรือกิจการที่เกี่ยวข้องกันตามมาตรฐานการบัญชี ฉบับที่ 24 เรื่อง บุคคลหรือกิจการที่เกี่ยวข้องกัน)
201800,หนี้สินระยะยาว,"หมายถึง เงินกู้ยืมระยะยาว หนี้สินระยะยาวในลักษณะอื่นใดที่จะครบกำหนดชำระคืนเกินกว่า 12 เดือนนับจากวันสิ้นรอบระยะเวลารายงาน เช่น เงินกู้ยืมระยะยาว หุ้นกู้ที่มีกำหนดชำระเกินกว่าหนึ่งปี หุ้นกู้ด้อยสิทธิที่มีกำหนดชำระเกินกว่าหนึ่งปี หุ้นกู้ที่ผู้ถือมีสิทธิไถ่ถอนหรือแปลงสภาพได้ หุ้นบุริมสิทธิที่มีลักษณะเป็นหนี้สินทางการเงินที่ผู้ถือมีสิทธิไถ่ถอนหรือแปลงสภาพได้ เป็นต้น

หนี้สินระยะยาวประกอบด้วยเลขอ้างอิงที่ 52 ถึง 56"
201810,บุคคลหรือกิจการอื่น,หมายถึง หนี้สินระยะยาวที่เป็นรายการกับบุคคลหรือกิจการที่ไม่มีความเกี่ยวข้องกัน (อ้างอิงตามคำนิยามของบุคคลหรือกิจการที่เกี่ยวข้องกันตามมาตรฐานการบัญชี ฉบับที่ 24 เรื่อง บุคคลหรือกิจการที่เกี่ยวข้องกัน)
201820,บุคคลหรือกิจการที่เกี่ยวข้องกัน,หมายถึง หนี้สินระยะยาวที่เป็นรายการกับบุคคลหรือกิจการที่เกี่ยวข้องกัน (อ้างอิงตามคำนิยามของบุคคลหรือกิจการที่เกี่ยวข้องกันตามมาตรฐานการบัญชี ฉบับที่ 24 เรื่อง บุคคลหรือกิจการที่เกี่ยวข้องกัน)
201830,หุ้นกู้,หมายถึง ตราสารหนี้ที่บริษัทออกให้แก่ผู้ถือหุ้นกู้ตามที่สำนักงานคณะกรรมการกำกับหลักทรัพย์และตลาดหลักทรัพย์กำหนด โดยผู้ถือมีสิทธิได้รับชำระเงินต้นและดอกเบี้ย และสิทธิในการเข้าร่วมประชุมและออกเสียงลงคะแนนในการประชุมผู้ถือหุ้นกู้ หุ้นกู้ดังกล่าวอาจมีหลายประเภทขึ้นอยู่กับประเภทที่ระบุในแบบแสดงรายการข้อมูลการเสนอขายตราสารหนี้ เช่น หุ้นกู้ด้อยสิทธิ และหุ้นกู้ไม่ด้อยสิทธิ หุ้นกู้แปลงสภาพ เป็นต้น
201840,หุ้นกู้ที่มีลักษณะคล้ายทุน,หมายถึง ตราสารหนี้ที่บริษัทออกให้แก่ผู้ถือหุ้นโดยการกำหนดสิทธิของผู้ถือตราสารไว้ด้อยกว่าสิทธิของเจ้าหนี้สามัญทั่วไป ซึ่งลักษณะ ระยะเวลาการจ่ายชำระของผู้ออกตราสาร และเงื่อนไข รวมถึงข้อกำหนดสิทธิของผู้ถือตราสารจะเป็นไปตามที่ระบุไว้ในแบบแสดงรายการข้อมูลการเสนอขายตราสารหนี้ เช่น ประเภทของตราสาร การระบุระยะเวลาการไถ่ถอน และการระบุระยะเวลาการจ่ายชำระดอกเบี้ย เป็นต้น ซึ่งโดยทั่วไปจะไม่มีการกำหนดระยะเวลาการไถ่ถอนที่แน่นอน ทั้งนี้ เฉพาะตราสารหนี้ที่มีลักษณะคล้ายทุนที่บริษัทจัดประเภทรายการเป็นหนี้สินทางการเงิน 
201850,หนี้สินระยะยาว - อื่น ๆ,หมายถึง หนี้สินทางการเงินระยะยาวอื่น นอกจากที่กำหนดให้แสดงไว้ในเลขอ้างอิงที่ 52 ถึง 55
201000,ค่าธรรมเนียมและบริการค้างจ่ายจากธุรกิจจัดการลงทุน,หมายถึง ค่าธรรมเนียมที่เกี่ยวข้องกับธุรกิจจัดการลงทุน ที่ได้รับรู้เป็นค่าใช้จ่ายแล้ว แต่ยังไม่ได้ชำระเงิน เช่น ค่าธรรมเนียมค้างจ่ายแก่บริษัทหลักทรัพย์ที่เป็นนายหน้าซื้อขายหน่วยลงทุน เป็นต้น 
201140,เจ้าหนี้การค้า,หมายถึง จำนวนเงินที่บริษัทค้างชำระค่าสินค้าหรือค่าบริการที่ซื้อมาเพื่อขายหรือเพื่อใช้ในการผลิตสินค้าหรือบริการตามปกติ และตั๋วเงินจ่ายที่บริษัทออกให้เพื่อชำระค่าสินค้าหรือบริการดังกล่าว ซึ่งการจัดประเภทดังกล่าวขึ้นอยู่กับลักษณะการประกอบธุรกิจของบริษัท
202400,หนี้สินตามสัญญาเช่า,หมายถึง หนี้สินตามสัญญาเช่า ทั้งนี้ให้เป็นไปตามที่มาตรฐานการรายงานทางการเงินที่เกี่ยวข้อง
200420,หนี้สินทางการเงินที่กำหนดให้วัดมูลค่าด้วยมูลค่ายุติธรรมผ่านกำไรและขาดทุน,หมายถึง หนี้สินทางการเงิน เช่น เงินรับฝาก ตั๋วแลกเงิน ตั๋วสัญญาใช้เงิน หุ้นกู้และเงินกู้ยืมที่มีอนุพันธ์แฝง ที่บริษัทกำหนดให้วัดมูลค่าด้วยมูลค่ายุติธรรมผ่านกำไรหรือขาดทุน เนื่องจากช่วยขจัดหรือลดความไม่สอดคล้องอย่างมีนัยสำคัญในการวัดมูลค่าหรือการรับรู้รายการ (Accounting mismatch) ซึ่งอาจเกิดขึ้นจากการวัดมูลค่าสินทรัพย์หรือหนี้สิน หรือการรับรู้กำไรและขาดทุนจากรายการดังกล่าวด้วยเกณฑ์แตกต่างกันตามที่กำหนดในมาตรฐานการรายงานทางการเงินที่เกี่ยวข้อง ทั้งนี้ ให้รวมถึง รายการอื่นที่เข้า คำนิยามตามมาตรฐานการรายงานทางการเงินที่เกี่ยวข้อง เช่น กลุ่มของหนี้สินทางการเงินหรือสินทรัพย์ทางการเงินและหนี้สินทางการเงินที่มีการบริหารและประเมินผลการดำเนินงานด้วยเกณฑ์มูลค่ายุติธรรม และสัญญาแบบผสมที่เข้าเงื่อนไขตามที่กำหนดในมาตรฐานการรายงานทางการเงินที่เกี่ยวข้อง 
202100,หนี้สินอนุพันธ์,"หมายถึง หนี้สินอนุพันธ์ ซึ่งบริษัทมีภาระผูกพันตามสัญญาที่จะต้องส่งมอบ เงินสดหรือสินทรัพย์ทางการเงินอื่นให้แก่กิจการอื่น หรือแลกเปลี่ยนเครื่องมือทางการเงินของบริษัทกับเครื่องมือทางการเงินของกิจการอื่นภายใต้เงื่อนไขที่อาจทำให้บริษัทเสียประโยชน์ 

หนี้สินอนุพันธ์ ประกอบด้วยรายการดังต่อไปนี้ 
1. อนุพันธ์เพื่อค้า หมายถึง อนุพันธ์ที่ถือไว้โดยไม่ได้มีวัตถุประสงค์เพื่อใช้ในการป้องกันความเสี่ยง ซึ่งรวมถึงการทำสัญญาอนุพันธ์กับลูกค้า และอนุพันธ์แฝงที่แยกออกจากสัญญาหลักได้ โดย อนุพันธ์เพื่อค้า มีลักษณะทุกข้อต่อไปนี้ 
1.1 มูลค่าของตราสารดังกล่าวจะผันแปรไปตามอัตราดอกเบี้ย ราคาของตราสารทางการเงิน ราคาสินค้าโภคภัณฑ์ อัตราแลกเปลี่ยน ดัชนีราคาหรือดัชนีอัตรา หรือตัวแปรอื่นใด 
1.2 ไม่มีการจ่ายเงินลงทุนสุทธิเมื่อเริ่มแรก หรือจ่ายด้วยจำนวนเพียงเล็กน้อยเมื่อเทียบกับสัญญาประเภทอื่น ซึ่งมีการตอบสนองในลักษณะเดียวกันกับปัจจัยตลาด และ 
1.3) การรับหรือการจ่ายชำระที่จะกระทำในอนาคต 

2. อนุพันธ์เพื่อการป้องกันความเสี่ยง หมายถึง อนุพันธ์ที่ถือไว้โดยมีวัตถุประสงค์เพื่อใช้ในการป้องกันความเสี่ยง"
202500,ค่าใช้จ่ายค้างจ่าย,หมายถึง จำนวนเงินที่บริษัทค้างชำระค่าสินค้าหรือบริการที่ได้รับ ซึ่งบริษัทยังไม่ได้รับใบเรียกเก็บเงินจากผู้ขายสินค้าหรือผู้ให้บริการ 
202200,หนี้สินทางการเงินอื่น,หมายถึง หนี้สินทางการเงินหมุนเวียนอื่นใด นอกเหนือจากเลขอ้างอิงที่ 43 ถึง 62
202300,หนี้สินที่เกิดจากสัญญาและค่าเช่ารับล่วงหน้า,"หมายถึง หนี้สินที่เกิดจากสัญญาที่ทำกับลูกค้า หรือภาระผูกพันของบริษัทในการโอนการควบคุมในสินค้าหรือบริการให้กับลูกค้า ซึ่งบริษัทได้รับค่าตอบแทนจากลูกค้าเป็นจำนวนเงินที่เกินกว่าสินค้าหรือบริการที่บริษัทจะต้องปฏิบัติตามสัญญา ทั้งนี้ รวมถึงเงินรับล่วงหน้าจากลูกค้า เงินที่ชำระตามสัญญาในส่วนที่เกินกว่าภาระที่ต้องปฏิบัติที่ส่งมอบหรือปฏิบัติเสร็จสิ้นแล้ว และค่าเช่ารับล่วงหน้าจากสัญญาเช่าดำเนินงานที่บริษัทเป็นผู้ให้เช่า 

หนี้สินที่เกิดจากสัญญาและค่าเช่ารับล่วงหน้า - ไม่หมุนเวียน ประกอบด้วยเลขอ้างอิงที่ 65 ถึง 67"
202310,ค่าเช่ารับล่วงหน้า,หมายถึง ค่าเช่าที่บริษัทหลักทรัพย์รับล่วงหน้าจากลูกค้าภายใต้สัญญาดำเนินงาน
202320,รายได้รับล่วงหน้า - อื่น ๆ,หมายถึง หนี้สินที่เกิดจากสัญญาที่ทำกับลูกค้า หรือภาระผูกพันของบริษัทหลักทรัพย์ในการโอนการควบคุมในสินค้าหรือบริการให้กับลูกค้า ซึ่งบริษัทได้รับค่าตอบแทนจากลูกค้าเป็นจำนวนเงินที่เกินกว่าสินค้าหรือบริการที่บริษัทจะต้องปฏิบัติตามสัญญา ทั้งนี้ รวมถึงเงินรับล่วงหน้าจากลูกค้า เงินที่ชำระตามสัญญาในส่วนที่เกินกว่าภาระที่ต้องปฏิบัติที่ส่งมอบหรือปฏิบัติเสร็จสิ้นแล้ว
202390,หนี้สินที่เกิดจากสัญญาและค่าเช่ารับล่วงหน้า - อื่น ๆ,หมายถึง หนี้สินที่เกิดจากสัญญาและค่าเช่ารับล่วงหน้า นอกเหนือจากเลขอ้างอิงที่ 65 ถึง 66
203000,ภาษีเงินได้นิติบุคคลค้างจ่าย,หมายถึง จำนวนภาษีเงินได้นิติบุคคลที่ต้องชำระ โดยคำนวณจากกำไร (ขาดทุน) ทางภาษีสำหรับงวดสุทธิจากเครดิตภาษี และ/หรือ ภาษีเงินได้นิติบุคคลถูกหัก ณ ที่จ่าย และ/หรือ ภาษีเงินได้นิติบุคคลจ่ายล่วงหน้า
204000,เจ้าหนี้ที่เกิดจากภาษีอื่นหรือรายการอื่นภายใต้กฎหมาย,"หมายถึง เจ้าหนี้ที่เกิดจากภาษีอื่นหรือรายการอื่นภายใต้กฎหมายซึ่งบังคับใช้กับบริษัท ที่นอกเหนือจากเลขอ้างอิงที่ 68

เจ้าหนี้ที่เกิดจากภาษีอื่นหรือรายการอื่นภายใต้กฎหมาย ประกอบด้วยเลขอ้างอิงที่ 70 ถึง 71"
204010,เจ้าหนี้ภาษีค้างจ่าย,หมายถึง ค่าภาษีหรืออากรค้างจ่าย เช่น ภาษีธุรกิจเฉพาะ ภาษีมูลค่ามูลค่าเพิ่มรอนำส่ง ภาษีธุรกิจเฉพาะ ภาษีสรรพสามิต ค่าอากรจ่ายแก่กรมศุลกากร  ภาษีเงินได้หัก ณ ที่จ่ายค้างจ่าย เป็นต้น
204090,เจ้าหนี้ที่เกิดจากภาษีอื่นหรือรายการอื่นภายใต้กฎหมาย - อื่น ๆ,หมายถึง เจ้าหนี้ที่เกิดจากภาษีอื่นหรือรายการอื่นภายใต้กฎหมายซึ่งบังคับใช้กับบริษัท นอกเหนือจากเลขอ้างอิงที่ 70
202800,ประมาณการหนี้สิน,หมายถึง หนี้สินที่มีความไม่แน่นอนเกี่ยวกับจังหวะเวลา และ/หรือ จำนวนที่ต้องจ่ายชำระ ซึ่งบริษัทสามารถประมาณมูลค่าหนี้สินนั้นได้อย่างน่าเชื่อถือ และเป็นภาระผูกพันในปัจจุบัน ซึ่งมีความเป็นไปได้ค่อนข้างแน่ที่จะทำให้บริษัทหลักทรัพย์สูญเสียทรัพยากรที่มีประโยชน์เชิงเศรษฐกิจเพื่อจ่ายชำระภาระผูกพันดังกล่าว ทั้งนี้ ให้เป็นไปตามที่กำหนดในมาตรฐานการรายงานทางการเงินที่เกี่ยวข้อง เช่น ภาระผูกพันของบริษัทหลักทรัพย์จากการรับรองตั๋วเงิน ภาระผูกพันจากการขายลูกหนี้ตั๋วเงิน เป็นต้น รวมถึงประมาณการหนี้สินที่เกิดขึ้นจากค่าเผื่อผลขาดทุนด้านเครดิตที่คาดว่าจะเกิดขึ้นของข้อตกลงการให้กู้ยืมและสัญญาค้ำประกันทางการเงิน (กรณีบริษัทแยกค่าเผื่อดังกล่าวออกจากค่าเผื่อของสินทรัพย์ทางการเงินได้) หรือกรณีมีผลขาดทุนที่คาดว่าจะเกิดขึ้นเกินกว่ามูลค่าตามบัญชีขั้นต้นของสินทรัพย์ทางการเงินตามที่กำหนดในมาตรฐานการรายงานทางการเงินที่เกี่ยวข้อง
202700,ประมาณการหนี้สินผลประโยชน์พนักงาน,หมายถึง ประมาณการหนี้สินผลประโยชน์ของพนักงานระยะสั้น ผลประโยชน์เมื่อเลิกจ้าง ผลประโยชน์พนักงานระยะยาวอื่น และผลประโยชน์หลังออกจากงาน ที่คาดว่ากองทุนจะต้องจ่ายชำระ และ/หรือซึ่ง มีความไม่แน่นอนเกี่ยวกับจังหวะเวลา 
203100,ส่วนแบ่งผลขาดทุนที่เกินกว่าเงินลงทุนในบริษัทย่อย บริษัทร่วม และการร่วมค้า,หมายถึง ภาระผูกพันที่เกิดจากเงินลงทุนหรือส่วนได้เสียในบริษัทย่อย บริษัทร่วม และการร่วมค้า หรือส่วนแบ่งผลขาดทุนในส่วนที่เกินกว่าจำนวนเงินลงทุนและส่วนได้เสียระยะยาวในบริษัทย่อย บริษัทร่วม และการร่วมค้า ตามวิธีส่วนได้เสีย หากบริษัทผู้ลงทุนต้องร่วมรับส่วนแบ่งผลขาดทุนนั้น
202900,หนี้สินที่เกี่ยวข้องโดยตรงกับสินทรัพย์ไม่หมุนเวียน และ/หรือ กลุ่มสินทรัพย์ที่ยกเลิกซึ่งถือไว้เพื่อขาย,หมายถึง หนี้สินที่เกี่ยวข้องโดยตรงกับสินทรัพย์ไม่หมุนเวียน และ/หรือ กลุ่มสินทรัพย์ที่ยกเลิกซึ่งถือไว้เพื่อขายที่แยกแสดงไว้เป็น สินทรัพย์ไม่หมุนเวียน และ/หรือ กลุ่มสินทรัพย์ที่ยกเลิกซึ่งถือไว้เพื่อขาย (เลขอ้างอิงที่ 38) 
203200,หนี้สินภาษีเงินได้รอตัดบัญชี,หมายถึง จำนวนภาษีเงินได้ที่ต้องจ่ายในอนาคต ซึ่งเกิดจากผลแตกต่างชั่วคราวที่ต้องเสียภาษี 
209900,หนี้สินอื่น,หมายถึง หนี้สินอื่น นอกเหนือจากเลขอ้างอิงที่ 43 ถึง 76
209999,รวมหนี้สิน,รวมหนี้สิน เป็นผลรวมของเลขอ้างอิงที่ 43 ถึง 77
300000,ส่วนของผู้ถือหุ้น,ส่วนของผู้ถือหุ้น ประกอบด้วยเลขอ้างอิงที่ 80 ถึง 117
310100,ทุนจดทะเบียน,"หมายถึง ทุนที่จดทะเบียนตามกฎหมายของบริษัท ให้แสดงเป็นหุ้นแต่ละชนิดแยกตามประเภทที่จดทะเบียน ประกอบด้วยหุ้นบุริมสิทธิ (Preference shares) และหุ้นสามัญ (Ordinary shares)

ทุนจดทะเบียน ประกอบด้วยเลขอ้างอิงที่ 81 ถึง 82"
310110,หุ้นบุริมสิทธิจดทะเบียน,หมายถึง หุ้นบุริมสิทธิตามที่จดทะเบียน
310120,หุ้นสามัญจดทะเบียน,หมายถึง หุ้นสามัญตามที่จดทะเบียน
310200,ทุนที่ออกและชำระแล้ว,"หมายถึง จำนวนหุ้นและมูลค่าหุ้นที่ได้นำออกจำหน่ายและเรียกให้ชำระมูลค่าหุ้นแล้ว ให้แสดงเป็นหุ้นแต่ละชนิด ประกอบด้วยหุ้นบุริมสิทธิ (Preference shares) และหุ้นสามัญ (Ordinary shares)

ทุนที่ออกและชำระแล้ว ประกอบด้วยเลขอ้างอิงที่ 84 ถึง 85"
310210,หุ้นบุริมสิทธิชำระแล้ว,หมายถึง หุ้นบุริมสิทธิที่ออกและชำระแล้ว
310220,หุ้นสามัญชำระแล้ว,หมายถึง หุ้นสามัญที่ออกและชำระแล้ว
310300,ใบสำคัญแสดงสิทธิ สิทธิซื้อหุ้น และสิทธิในการเลือกซื้อหุ้น,หมายถึง มูลค่าของสิทธิที่บริษัทออกให้แก่ผู้ถือหุ้นในการซื้อหุ้นสามัญหรือหุ้นบุริมสิทธิ 
310400,ส่วนเกิน (ต่ำกว่า) มูลค่าหุ้น,"หมายถึง เงินหรือมูลค่าของสิ่งตอบแทนที่ได้จากการขายหุ้นทุนจดทะเบียนตามกฎหมายในส่วนที่สูงกว่าหรือต่ำกว่ามูลค่าที่ตราไว้ หากมีทั้งส่วนเกินและส่วนต่ำกว่ามูลค่าที่ตราไว้ สามารถนำรายการดังกล่าวมาหักกลบกันและแสดงเป็นมูลค่าสุทธิได้ และกรณีหุ้นทุนประกอบด้วยส่วนที่เป็นหุ้นสามัญและหุ้นบุริมสิทธิ ก็ให้แสดงส่วนเกินหรือส่วนต่ำกว่ามูลค่าที่ตราไว้ของหุ้นทุนแต่ละประเภทข้างต้นแยกจากกัน

ส่วนเกิน (ต่ำกว่า) มูลค่าหุ้น ประกอบด้วยเลขอ้างอิงที่ 88 ถึง 89"
310410,ส่วนเกิน (ต่ำกว่า) มูลค่าหุ้นบุริมสิทธิ,หมายถึง เงินหรือมูลค่าของสิ่งตอบแทนที่ได้รับจากการจำหน่ายหุ้นบุริมสิทธิในส่วนที่สูงกว่าหรือต่ำกว่ามูลค่าที่ตราไว้ตามที่จดทะเบียนของหุ้นบุริมสิทธิ หากมีทั้งส่วนเกินและส่วนต่ำกว่ามูลค่าหุ้นบุริมสิทธิ สามารถนำรายการดังกล่าวมาหักกลบกันและแสดงเป็นมูลค่าสุทธิได้
310420,ส่วนเกิน (ต่ำกว่า) มูลค่าหุ้นสามัญ,หมายถึง เงินหรือมูลค่าของสิ่งตอบแทนที่ได้รับจากการจำหน่ายหุ้นสามัญในส่วนที่สูงกว่าหรือต่ำกว่ามูลค่าที่ตราไว้ตามที่จดทะเบียนของหุ้นสามัญ หากมีทั้งส่วนเกินและส่วนต่ำกว่ามูลค่าหุ้นสามัญสามารถนำรายการดังกล่าวมาหักกลบกันและแสดงเป็นมูลค่าสุทธิได้
310500,หุ้นกู้ที่มีลักษณะคล้ายทุน,หมายถึง ตราสารที่บริษัทออกให้แก่ผู้ถือตราสารโดยการกำหนดสิทธิของผู้ถือตราสารไว้ด้อยกว่าสิทธิของเจ้าหนี้สามัญทั่วไป ซึ่งลักษณะ ระยะเวลาการจ่ายชำระของผู้ออกตราสาร และเงื่อนไข รวมถึงข้อกำหนดสิทธิของผู้ถือตราสารจะเป็นไปตามที่ระบุไว้ในแบบแสดงรายการข้อมูลการเสนอขายตราสาร เช่น ประเภทของตราสาร การระบุระยะเวลาการไถ่ถอน และการระบุระยะเวลาการจ่ายชำระดอกเบี้ย เป็นต้น ซึ่งโดยทั่วไปจะไม่มีการกำหนดระยะเวลาการไถ่ถอนที่แน่นอน ทั้งนี้ เฉพาะในกรณีที่เข้าเงื่อนไขของการจัดประเภทเป็นส่วนของทุน 
310600,กำไร (ขาดทุน) สะสม,กำไร (ขาดทุน) สะสม ประกอบด้วย เลขอ้างอิงที่ 92 ถึง 96
310610,กำไรสะสม - จัดสรรแล้ว,"หมายถึง กำไรสะสมในส่วนที่จัดสรรไว้

กำไรสะสม - จัดสรรแล้ว เป็นผลรวมของเลขอ้างอิงที่ 93 ถึง 95"
310611,สำรองตามกฎหมาย,หมายถึง สำรองที่กันไว้จากตามกฎหมาย
310612,สำรองหุ้นทุนซื้อคืน,หมายถึง กำไรสะสมที่จัดสรรไว้เพื่อเป็นทุนสำรองสำหรับหุ้นทุนซื้อคืน
310619,สำรองอื่น ๆ,หมายถึง จำนวนที่จัดสรรจากกำไรสะสมเพื่อการอื่นใด นอกเหนือจากเลขอ้างอิงที่ 93  และ เลขอ้างอิงที่  94  ที่ได้แยกแสดงตามรายการข้างต้น เช่น กำไรสะสมที่จัดสรรไว้เพื่อเป็นทุนสำรองสำหรับการรักษาระดับเงินปันผล กำไรสะสมที่จัดสรรไว้เพื่อเป็นทุนสำรองสำหรับการขยายบริษัท หรือตามเงื่อนไขของภาระผูกพันอื่น ๆ เป็นต้น
310620,กำไร (ขาดทุน) สะสม - ยังไม่ได้จัดสรร,หมายถึง กำไรสะสมและกำไรสำหรับงวดของรอบระยะเวลาบัญชีปัจจุบันที่คงเหลือหลังจากการจัดสรร 
310700,หุ้นทุนซื้อคืน,หมายถึง หุ้นสามัญ หุ้นบุริมสิทธิ และตราสารทุนอื่นที่มีลักษณะเทียบเท่าหุ้นสามัญของบริษัทหลักทรัพย์ ซึ่งบริษัทหลักทรัพย์ซื้อกลับคืนมาและบันทึกบัญชีด้วยวิธีราคาทุน กำหนดให้แสดงเป็นรายการหักจากส่วนของผู้ถือหุ้นโดยแสดงต่อจากกำไรสะสมด้วยราคาทุนที่บริษัทหลักทรัพย์จ่ายเพื่อซื้อหุ้นทุนกลับคืน
310800,หุ้นของบริษัทที่ถือโดยบริษัทย่อย,หมายถึง หุ้นสามัญ หุ้นบุริมสิทธิ และตราสารทุนอื่นที่มีสิทธิและลักษณะเทียบเท่าหุ้นสามัญของบริษัทหลักทรัพย์ ซึ่งบริษัทย่อยของบริษัทหลักทรัพย์ได้ซื้อคืนกลับมา หุ้นของบริษัทที่ถือโดยบริษัทย่อยให้แสดงเป็นรายการหักจากส่วนของเจ้าของ 
319900,องค์ประกอบอื่นของส่วนของผู้ถือหุ้น,"หมายถึง ผลสะสมเมื่อสิ้นรอบระยะเวลารายงานของกำไรขาดทุนเบ็ดเสร็จอื่น และ/หรือ รายการอื่นของการเปลี่ยนแปลงที่เกิดจากเจ้าของ เช่น ส่วนเกินทุนจากการจ่ายโดยใช้หุ้นเป็นเกณฑ์ ส่วนเกิน (ต่ำ) จากการรวมธุรกิจภายใต้การควบคุมเดียวกัน การเปลี่ยนแปลงในส่วนได้เสียของความเป็นเจ้าของในบริษัทย่อยที่ไม่ได้ส่งผลให้สูญเสียการควบคุม เป็นต้น

องค์ประกอบอื่นของส่วนของผู้ถือหุ้น ประกอบด้วยเลขอ้างอิงที่ 100 ถึง 114"
319910,ส่วนเกิน (ต่ำกว่า) ทุน,"หมายถึง ส่วนเกิน (ต่ำกว่า) ทุน ที่เกิดจากรายการอื่น ๆ ที่ไม่เกี่ยวข้องกับการจำหน่ายหุ้น

ส่วนเกิน (ต่ำกว่า) ทุน ประกอบด้วย เลขอ้างอิงที่ 101 ถึง 109"
319911,ส่วนเกิน (ต่ำกว่า) ทุนจากหุ้นทุนซื้อคืน,"หมายถึง ผลต่างจากการที่บริษัทสามารถจำหน่ายหรือออกหุ้นทุนซื้อคืนในมูลค่าที่สูงกว่า (ต่ำกว่า) ราคาทุนที่บริษัทซื้อหุ้นทุนกลับคืนมา ทั้งนี้ ส่วนเกิน (ต่ำกว่า) ทุน หุ้นทุนซื้อคืนต้องเป็นยอดสุทธิจากส่วนต่ำกว่า (ส่วนเกิน) ทุนจากหุ้นทุนซื้อคืนประเภทเดียวกัน
"
319912,ส่วนเกินทุนจากการตีราคาสินทรัพย์ถาวร,หมายถึง ส่วนเกินทุนจากการตีราคาสินทรัพย์ถาวร ซึ่งแสดงเป็นยอดสุทธิจากจำนวนที่ลดลงจากส่วนเกินทุนจากการตีราคา
319913,ส่วนเกิน (ต่ำกว่า) ทุนจากการวัดมูลค่าเงินลงทุนในตราสารหนี้ด้วยมูลค่ายุติธรรมผ่านกำไรขาดทุนเบ็ดเสร็จอื่น,หมายถึง ส่วนต่างระหว่างมูลค่าที่คำนวณตามวิธีราคาทุนตัดจำหน่ายกับมูลค่ายุติธรรมของเงินลงทุนในตราสารหนี้ที่รับรู้ผ่านกำไรขาดทุนเบ็ดเสร็จอื่น
319914,ส่วนเกิน (ต่ำกว่า) ทุนจากการวัดมูลค่าเงินลงทุนในตราสารทุนด้วยมูลค่ายุติธรรมผ่านกำไรขาดทุนเบ็ดเสร็จอื่น,หมายถึง ส่วนต่างระหว่างราคาทุนกับมูลค่ายุติธรรมของเงินลงทุนในตราสารทุนที่วัดมูลค่าด้วยมูลค่ายุติธรรมผ่านกำไรขาดทุนเบ็ดเสร็จอื่น
319915,ส่วนเกิน (ต่ำกว่า) ทุนจากหนี้สินทางการเงินที่กำหนดให้วัดมูลค่ายุติธรรมผ่านกำไรขาดทุนอันเนื่องมาจากความเสี่ยงด้านเครดิต,หมายถึง ส่วนที่เกิดจากการเปลี่ยนแปลงในมูลค่ายุติธรรมของหนี้สินทางการเงิน เฉพาะในส่วนที่เกิดจากการเปลี่ยนแปลงด้านเครดิต
319916,ส่วนเกิน (ต่ำกว่า) ทุนจากการรวมธุรกิจภายใต้การควบคุมเดียวกัน,หมายถึง ส่วนต่างระหว่างจำนวนที่จ่ายไปเพื่อการรวมธุรกิจภายใต้การควบคุมเดียวกัน (ซึ่งคือผลรวมของมูลค่ายุติธรรมของสินทรัพย์ที่ให้ไป หนี้สินที่เกิดขึ้นหรือรับมา และตราสารทุนที่ออกโดยผู้ซื้อ ณ วันที่มีการแลกเปลี่ยนเพื่อให้ได้มาซึ่งการควบคุม) กับส่วนได้เสียของผู้ซื้อในมูลค่าตามบัญชีของกิจการที่ถูกนำมารวม ซึ่งรับรู้โดยตรงในส่วนของเจ้าของ
319917,ส่วนเกิน (ต่ำกว่า) ทุนจากการทำสัญญาป้องกันความเสี่ยงจากกระแสเงินสด,หมายถึง ผลสะสมของกำไร (ขาดทุน) จากการวัดมูลค่ายุติธรรมเครื่องมือที่ใช้ในการป้องกันความเสี่ยงในกระแสเงินสด เฉพาะส่วนที่มีประสิทธิผล
319921,ส่วนเกิน (ต่ำกว่า) ทุนจากการเปลี่ยนแปลงส่วนได้เสียในความเป็นเจ้าของในบริษัทย่อย,"หมายถึง ส่วนต่างระหว่างมูลค่ายุติธรรมของจำนวนที่จ่ายไปหรือรับมา และสัดส่วนของส่วนได้เสียที่ไม่มีอำนาจควบคุมที่ลดลงหรือเพิ่มขึ้น สำหรับรายการที่บริษัทใหญ่ไม่ได้สูญเสียการควบคุมในบริษัทย่อย (รายการกับเจ้าของในฐานะที่เป็นเจ้าของ)
"
319919,ส่วนเกิน (ต่ำกว่า) ทุน - อื่น ๆ,หมายถึง ส่วนเกิน (ต่ำกว่า) ทุน รายการอื่น ๆ นอกเหนือจากเลขอ้างอิงที่ 101 ถึง 108
319920,ส่วนของทุนที่เกิดจากรายการจ่ายโดยใช้หุ้นเป็นเกณฑ์,หมายถึง การเพิ่มขึ้นของส่วนของเจ้าของสำหรับการจ่ายโดยใช้หุ้นเป็นเกณฑ์ประเภทการจ่ายชำระด้วยตราสารทุน (Equity-settled share-based payments) 
319930,ส่วนของทุนที่เกิดจากรายการการซื้อธุรกิจแบบย้อนกลับ,หมายถึง ส่วนของทุนที่เกิดจากการที่กิจการมีการซื้อธุรกิจแบบย้อนกลับ (ซึ่งก็คือผู้ซื้อตามกฎหมาย ซึ่งในหลายกรณีก็คือกิจการที่จัดทำงบการเงินรวมนั้นเอง จะรับรู้รายการประหนึ่งว่า กิจการที่เป็นผู้ซื้อนั้นคือกิจการผู้ถูกซื้อตามกฎหมาย หรือเป็นกิจการผู้ซื้อทางบัญชี ทำรายการซื้อกิจการของผู้ซื้อทางกฎหมาย หรือผู้ถูกซื้อทางบัญชี) ส่วนต่างที่เกิดขึ้นจะรับรู้เป็นส่วนของทุนที่เกิดจากรายการการซื้อธุรกิจแบบย้อนกลับ 
319940,เงินรับล่วงหน้าค่าหุ้น,หมายถึง เงินหรือมูลค่าของสิ่งตอบแทนที่ได้รับล่วงหน้าจากผู้ลงทุนเพื่อจ่ายชำระค่าหุ้น
319950,ผลต่างอัตราแลกเปลี่ยนจากการแปลงค่างบการเงิน,หมายถึง ผลต่างของอัตราแลกเปลี่ยนจากการแปลงค่างบการเงินที่เป็นเงินตราต่างประเทศของหน่วยงานในต่างประเทศ ซึ่งรวมผลจากการป้องกันความเสี่ยงในเงินลงทุนสุทธิในหน่วยงานต่างประเทศ เฉพาะส่วนที่มีประสิทธิผลในหน่วยงานในต่างประเทศ หมายถึง บริษัทย่อย บริษัทร่วม การร่วมค้า หรือสาขาของบริษัทหลักทรัพย์ที่เสนอรายงาน ซึ่งมีกิจกรรมหรือการประกอบกิจกรรมในประเทศอื่น หรือในสกุลเงินอื่น นอกจากประเทศหรือสกุลเงินของบริษัทหลักทรัพย์ที่เสนอรายงาน
319990,องค์ประกอบอื่นของส่วนของผู้ถือหุ้น - อื่นๆ,หมายถึง ส่วนได้เสียอื่นในความเป็นเจ้าของในบริษัทหลักทรัพย์ของผู้ลงทุน และส่วนของทุนอื่น ๆ นอกเหนือจากเลขอ้างอิงที่ 100 ถึง 113
319999,รวมส่วนของผู้ถือหุ้นของบริษัทใหญ่,รวมส่วนของผู้ถือหุ้นบริษัทใหญ่ เป็นรายการสุทธิของเลขอ้างอิงที่ 80 ถึง 114
320130,ส่วนได้เสียที่ไม่มีอำนาจควบคุม,หมายถึง ส่วนได้เสียในบริษัทย่อยที่ไม่ได้เป็นส่วนได้เสียของบริษัทใหญ่ทั้งทางตรงและทางอ้อม เช่น บริษัทย่อยในลำดับถัดไป เป็นต้น
309998,รวมส่วนของผู้ถือหุ้น,รวมส่วนของผู้ถือหุ้น เป็นผลรวมของเลขอ้างอิงที่ 115 ถึง 116
309999,รวมหนี้สินและส่วนของผู้ถือหุ้น,รวมหนี้สินและส่วนของผู้ถือหุ้น เป็นผลรวมของเลขอ้างอิงที่ 78 และ 117
400000,งบกำไรขาดทุนเบ็ดเสร็จ,งบกำไรขาดทุนเบ็ดเสร็จ ประกอบด้วยเลขอ้างอิงที่ 120 ถึง 198
410000,รายได้,รายได้ ประกอบด้วยเลขอ้างอิงที่ 121 ถึง 144
410100,รายได้จากการดำเนินธุรกิจ,"หมายถึง รายได้ซึ่งเกิดจากกิจกรรมตามปกติธุรกิจของบริษัท  รายได้ที่เกิดจากการขายสินค้าหรือการให้บริการซึ่งเป็นธุรกิจหลักของบริษัทเพื่อแลกเปลี่ยนกับเงินสดสิทธิเรียกร้องให้ชำระเงิน หรือสิ่งอื่นที่มีมูลค่าคิดเป็นเงินได้ โดยให้แยกแสดงเป็นรายได้หลักแต่ละประเภท เช่น รายได้จากการขายสินค้า รายได้จากการให้บริการ รายได้ค่าสิทธิ เป็นต้น

รายได้จากการดำเนินธุรกิจ ประกอบด้วยเลขอ้างอิงที่ 122 ถึง 134"
410115,รายได้ค่านายหน้า,รายได้ค่านายหน้า ประกอบด้วยเลขอ้างอิงที่ 123 ถึง 126
410116,ค่านายหน้าจากการซื้อขายหลักทรัพย์,หมายถึง ค่านายหน้าที่บริษัทหลักทรัพย์ได้รับจากการประกอบกิจการเป็นนายหน้าซื้อขายหลักทรัพย์ ซึ่งรวมถึงค่าธรรมเนียมที่บริษัทหลักทรัพย์เรียกเก็บจากลูกค้า เช่น ค่าธรรมเนียมตลาดหลักทรัพย์ ค่าธรรมเนียมการชำระราคาและส่งมอบหลักทรัพย์ ค่าธรรมเนียมการกำกับดูแล ในกรณีที่บริษัทหลักทรัพย์ต้องส่งคำสั่งซื้อขายหลักทรัพย์ผ่านบริษัทหลักทรัพย์อื่นให้รายงานเป็นค่านายหน้าสุทธิ (ค่านายหน้ารับหักด้วยค่านายหน้าจ่าย ทั้งนี้ ไม่รวมถึงค่านายหน้าจ่ายจากการซื้อขายเพื่อบัญชีบริษัทเอง)
410117,ค่านายหน้าจากการซื้อขายสินค้าอ้างอิงอื่นที่ไม่ใช่หลักทรัพย์,หมายถึง รายได้อันเนื่องมาจากการประกอบกิจการเป็นนายหน้าซื้อขายสินทรัพย์อ้างอิง เช่น เงินตราต่างประเทศ พันธบัตร ตั๋วเงิน หุ้นสามัญ ข้าว และน้ำมัน เป็นต้น
410118,ค่านายหน้าจากการซื้อขายสัญญาซื้อขายล่วงหน้า,หมายถึง ค่านายหน้าที่บริษัทหลักทรัพย์ได้รับจากการประกอบกิจการเป็นนายหน้าซื้อขายสัญญาซื้อขายล่วงหน้า ในกรณีที่บริษัทหลักทรัพย์ที่ต้องส่งคำสั่งซื้อขายผ่านบริษัทหลักทรัพย์อื่นให้รายงานเป็นค่านายหน้าสุทธิ (ค่านายหน้ารับหักด้วยค่านายหน้าจ่าย ทั้งนี้ ไม่รวมถึงค่านายหน้าจ่ายจากการซื้อขาย เพื่อบัญชีบริษัทเอง)
410119,ค่านายหน้าอื่น ๆ,หมายถึง รายได้อันเนื่องมาจากการประกอบกิจการเป็นนายหน้าซื้อขายหลักทรัพย์และ ผู้ค้าหลักทรัพย์อื่นนอกเหนือจากเลขอ้างอิงที่ 123 ถึง 125
410113,รายได้ค่าธรรมเนียมและบริการ,หมายถึง ค่าธรรมเนียมและบริการที่บริษัทหลักทรัพย์ได้รับจากการให้บริการแก่ลูกค้า เช่น ค่าธรรมเนียมในการให้คำปรึกษาการลงทุน ค่าธรรมเนียมในการจัดจำหน่ายหลักทรัพย์ ค่าธรรมเนียมในการจัดการกองทุน ค่าธรรมเนียมการจัดการทรัพย์สินของลูกค้า ค่าธรรมเนียมจากการยืมและให้ยืมหลักทรัพย์ ค่าธรรมเนียมนายทะเบียนหลักทรัพย์ รายได้ที่เกิดจากการซื้อขายหน่วยลงทุนนอกตลาดหลักทรัพย์แห่งประเทศไทยไม่ว่าจะอยู่ในรูปแบบใดก็ตาม (เช่น รายได้ค่าธรรมเนียมการขายและการรับซื้อคืนหน่วยลงทุน หรือค่าธรรมเนียมดูแลรักษาลูกค้า (Trailing fee) เป็นต้น และค่าบริการในการรับมอบส่งมอบสินค้า เป็นต้น ทั้งนี้ รวมถึงรายได้ที่เกิดจากการให้บริการหักบัญชีที่เรียกเก็บจากลูกค้า เนื่องจากลูกค้าของบริษัทหลักทรัพย์เป็นสมาชิกตลาดหลักทรัพย์แห่งประเทศไทย แต่ไม่ได้เป็นสมาชิกสำนักหักบัญชี ทั้งนี้ ให้แสดงเป็นยอดสุทธิหลังหักส่วนลดแล้ว
410108,รายได้ดอกเบี้ย,"หมายถึง รายได้ดอกเบี้ยที่รับรู้ด้วยวิธีอัตราดอกเบี้ยที่แท้จริง ประกอบด้วยรายการดังต่อไปนี้ 
1. รายได้ดอกเบี้ยเงินให้กู้ยืมเพื่อซื้อหลักทรัพย์ (Interest on margin loans) หมายถึง ค่าตอบแทนที่ได้รับจากเงินให้กู้ยืมเพื่อซื้อหลักทรัพย์ 
2. รายได้ดอกเบี้ยอื่น (Interest income) หมายถึง ค่าตอบแทนที่ได้รับจากเงินฝากในสถาบันการเงิน เงินลงทุนในตราสารหนี้ทุกประเภท รายได้ดอกเบี้ยที่เกิดจากธุรกรรมอื่น และเงินให้กู้ยืมอื่นที่มิใช่เงินให้กู้ยืมเพื่อซื้อหลักทรัพย์"
410105,รายได้จากสัญญาเช่า,"หมายถึง รายได้ที่เกิดการที่บริษัทเป็นผู้ให้เช่าสินทรัพย์แก่ผู้เช่า 

 
รายได้จากสัญญาเช่า ประกอบด้วยเลขอ้างอิงที่ 130 ถึง 131"
410106,รายได้ค่าเช่า,หมายถึง รายได้ที่เกิดจากการที่บริษัทเป็นผู้ให้เช่าสินทรัพย์แก่ผู้เช่า ในส่วนประกอบที่เป็นการเช่า
410107,รายได้ทางการเงินจากสัญญาเช่า,หมายถึง รายได้ดอกเบี้ยที่เกิดจากสัญญาเช่าเงินทุน (เดิมเรียกว่าสัญญาเช่าการเงิน)
410114,รายได้จากการลงทุน,หมายถึง ค่าตอบแทนที่เกิดจากการให้ผู้อื่นใช้สินทรัพย์ของบริษัท และก่อให้เกิดรายได้ซึ่งเป็นธุรกิจหลักของบริษัท (เช่น บริษัทเป็นบริษัทที่มีการประกอบธุรกิจโดยมีรายได้จากการถือตราสารในบริษัทอื่นเป็นหลัก และไม่มีการประกอบธุรกิจอย่างมีนัยสำคัญเป็นของตนเอง) ประกอบด้วย ดอกเบี้ยเป็นค่าตอบแทนอันเกิดจากการให้ผู้อื่นใช้เงินสด รายการเทียบเท่าเงินสด หรือจำนวนค้างรับของบริษัทหลักทรัพย์ และเงินปันผลเป็นส่วนแบ่งกำไรที่ผู้ถือเงินลงทุนในตราสารทุนจะได้รับตามสัดส่วนของเงินลงทุนที่ถือ
410102,รายได้จากการขาย,หมายถึง รายได้ที่เกิดจากการขายสินค้า
410199,รายได้จากการดำเนินธุรกิจ - อื่น ๆ,หมายถึง รายได้จากการดำเนินธุรกิจตามปกติของบริษัท นอกเหนือจากเลขอ้างอิงที่ 122 ถึง 133
430100,กำไร (ขาดทุน) และผลตอบแทนจากเครื่องมือทางการเงิน,กำไร (ขาดทุน) และผลตอบแทนจากเครื่องมือทางการเงิน ประกอบด้วยเลขอ้างอิงที่ 136 ถึง 140 
439770,กำไร (ขาดทุน) จากการบัญชีป้องกันความเสี่ยง,"หมายถึง รายการดังต่อไปนี้
1. การป้องกันความเสี่ยงในมูลค่ายุติธรรม - กำไร (ขาดทุน) จากการวัดมูลค่ายุติธรรมของเครื่องมือที่ใช้ป้องกันความเสี่ยงและรายการที่มีการป้องกันความเสี่ยง ที่บริษัทไม่ได้แสดงสุทธิไว้ในรายการอื่น

2. การป้องกันความเสี่ยงในกระแสเงินสดและการป้องกันความเสี่ยงในเงินลงทุนสุทธิในหน่วยงานต่างประเทศ
2.1 กำไร (ขาดทุน) จากการวัดมูลค่ายุติธรรมเครื่องมือที่ใช้ป้องกันความเสี่ยง เฉพาะส่วนที่ไม่มีประสิทธิผล ที่บริษัทไม่ได้แสดงสุทธิไว้ในรายการอื่น
2.2 กำไร (ขาดทุน) สุทธิจากเครื่องมือที่ใช้ป้องกันความเสี่ยงและรายการที่มีการป้องกันความเสี่ยงเมื่อการป้องกันความเสี่ยงสิ้นสุด ที่บริษัทไม่ได้แสดงสุทธิไว้ในรายการอื่น

ทั้งนี้ รายการดังกล่าวให้แสดงยอดสุทธิของผลกำไรที่หักผลขาดทุนแล้ว"
431101,กำไร (ขาดทุน) จากการเปลี่ยนเงื่อนไขตราสารหนี้,หมายถึง กำไร (ขาดทุน) จากการเจรจาต่อรองใหม่หรือมีการเปลี่ยนแปลงเงื่อนไขของกระแสเงินสดตามสัญญาของสินทรัพย์ทางการเงินหรือหนี้สินทางการเงิน ซึ่งไม่มีการตัดรายการสินทรัพย์ทางการเงินหรือหนี้สินทางการเงินนั้น รวมถึงกำไร (ขาดทุน) จากการเปลี่ยนแปลงเงื่อนไขของสินทรัพย์ทางการเงินหรือหนี้สินทางการเงินที่ทำให้ต้องตัดรายการสินทรัพย์ทางการเงินหรือหนี้สินทางการเงินเดิมและรับรู้สินทรัพย์ทางการเงินหรือหนี้สินทางการเงินที่มีการเปลี่ยนแปลงเงื่อนไขใหม่
430120,กำไร (ขาดทุน) จากหนี้สินทางการเงินที่กำหนดให้วัดมูลค่าด้วยมูลค่ายุติธรรม,"หมายถึง รายการดังต่อไปนี้
1. การวัดมูลค่ายุติธรรมของหนี้สินทางการเงินเพื่อค้า
2. กำไร (ขาดทุน) สุทธิจากการเปลี่ยนแปลงมูลค่ายุติธรรมของหนี้สินทางการเงินที่วัดมูลค่าด้วยมูลค่ายุติธรรมผ่านกำไรหรือขาดทุน ซึ่งรวมถึงการเปลี่ยนแปลงในมูลค่ายุติธรรมของหนี้สินทางการเงินที่เป็นผลมาจากการเปลี่ยนแปลงความเสี่ยงด้านเครดิตของหนี้สินนั้น หากการแสดงผลกระทบของการเปลี่ยนแปลงดังกล่าวในกำไรขาดทุนเบ็ดเสร็จอื่น ทำให้เกิดหรือขยายความไม่เหมาะสมทางการบัญชีในกำไรหรือขาดทุน (Accounting mismatch in profit or loss)
3. กำไร (ขาดทุน) สุทธิจากการตัดรายการหนี้สินทางการเงินที่กำหนดให้วัดมูลค่าด้วยมูลค่ายุติธรรมผ่านกำไรหรือขาดทุน
4. ค่าใช้จ่ายดอกเบี้ยจากหนี้สินทางการเงินที่กำหนดให้วัดมูลค่าด้วยมูลค่ายุติธรรม"
410202,รายได้เงินปันผล,หมายถึง ส่วนแบ่งกำไรที่บริษัทได้รับตามสัดส่วนของเงินลงทุนที่ถือในฐานะผู้ถือเงินลงทุน
430190,กำไร (ขาดทุน) และผลตอบแทนจากเครื่องมือทางการเงิน - อื่น ๆ,กำไร (ขาดทุน) และผลตอบแทนจากเครื่องมือทางการเงิน – อื่น ๆ นอกเหนือจากเลขอ้างอิงที่ 136 ถึง 139
430200,กำไร (ขาดทุน) จากการวัดมูลค่ายุติธรรมหักต้นทุนในการขายของสินค้าคงเหลือ,หมายถึง กำไรหรือขาดทุนจากการเปลี่ยนแปลงในมูลค่ายุติธรรมหักต้นทุนในการขายของ สินค้าคงเหลือ ในกรณีที่เป็นนายหน้า-ผู้ค้า ซึ่งซื้อหรือขายสินค้าโภคภัณฑ์เพื่อบุคคลอื่นหรือเพื่อตนเอง
430300,ผลต่างระหว่างมูลค่าตามบัญชีของเงินปันผลค้างจ่ายและมูลค่าตามบัญชีของสินทรัพย์ที่ไม่ใช่เงินสด,หมายถึง ผลต่างที่เกิดขึ้นเมื่อบริษัทหลักทรัพย์จ่ายชำระเงินปันผลค้างจ่าย โดยผลต่างดังกล่าวเป็นผลต่างระหว่างมูลค่าตามบัญชีของสินทรัพย์ที่ไม่ใช่เงินสดกับมูลค่าตามบัญชีของเงินปันผลค้างจ่าย
410200,รายได้อื่น,หมายถึง รายได้อื่นนอกเหนือจากรายได้จากการดำเนินงานหลักในเลขอ้างอิงที่ 121 ถึง 134 และ กำไร (ขาดทุน) และผลตอบแทนจากเครื่องมือทางการเงินในเลขอ้างอิงที่ 135 ถึง 142  เช่น รายได้ค่าตอบแทนที่เกิดจากการให้ผู้อื่นใช้สินทรัพย์ของกิจการ (ในกรณีที่กิจการมีรายได้หลักจากการประกอบธุรกิจอื่น) เป็นต้น
419999,รวมรายได้,รวมรายได้ เป็นผลรวมของเลขอ้างอิงที่ 121 ถึง 143
420000,ค่าใช้จ่าย,ค่าใช้จ่าย ประกอบด้วยเลขอ้างอิงที่ 146  ถึง 155
422400,ค่าใช้จ่ายผลประโยชน์พนักงาน,หมายถึง ค่าตอบอทนที่จ่ายให้พนักงานและลูกจ้าง เช่นเงินเดือน ค่าจ้าง ค่าล่วงเวลา โบนัส เงินบำหน็จ เงินเพิ่มค่าครองชีพ ค่าสวัสดิการ เงินสมทบของบริษัทหลักทรัพย์ที่ต้องจ่ายเข้ากองทุนสำรองเลี้ยงชีพ ภาษีเงินได้ที่บริษัทออกให้ เป็นต้น ทั้งนี้ ให้รวมถึงค่าตอบแทนกรรมการด้วย
422200,ค่าธรรมเนียมและบริการจ่าย,หมายถึง ค่าตอบแทนหรือค่าบริการที่บริษัทหลักทรัพย์จ่ายให้แก่ผู้ให้บริการที่เกี่ยวข้องกับการประกอบธุรกิจหลักทรัพย์ เช่น ค่าธรรมเนียมจ่ายตลาดหลักทรัพย์แห่งประเทศไทย ค่าธรรมเนียม ค่าใบอนุญาตตัดบัญชี ค่าธรรมเนียมจ่ายให้ตัวแทนขายและรับซื้อคืนหน่วย ค่าธรรมเนียมที่ให้ตัวแทนนายหน้าต่างประเทศ ค่าธรรมเนียมทำสัญญากับต่างประเทศ ค่าธรรมเนียมการยืมหลักทรัพย์ เป็นต้น
429900,ค่าใช้จ่ายดอกเบี้ย,หมายถึง ค่าตอบแทนที่คิดเนื่องจากการใช้ประโยชน์จากเงินทุน ซึ่งรวมถึงดอกเบี้ยและส่วนลดจ่ายที่บริษัทหลักทรัพย์จ่ายให้แก่ผู้กู้ยืม ทั้งในลักษณะของการออกเอกสารการกู้ยืมเงิน และ การออกตั๋วสัญญาใช้เงิน ดอกเบี้ยเงินเบิกเกินบัญชี ดอกเบี้ยจากหลักทรัพย์ซื้อโดยมีสัญญาขายคืน ดอกเบี้ยจ่ายลูกค้าในระบบเครดิตบาลานซ์ และค่าธรรมเนียมในการกู้ยืมเงิน 
420410,ต้นทุนขาย,หมายถึง ต้นทุนสินค้าที่ขาย และต้นทุนขายอื่น ๆ
422500,ค่าเสื่อมราคาและค่าตัดจำหน่าย,หมายถึง การปันส่วนจำนวนที่คิดค่าเสื่อมราคาของสินทรัพย์อย่างมีระบบตลอดอายุการให้ประโยชน์ของสินทรัพย์นั้น ในกรณีเป็นสินทรัพย์ไม่มีตัวตนให้ใช้คำว่า “ค่าตัดจำหน่าย” แทนคำว่า “ค่าเสื่อมราคา” โดยให้รวมถึงค่าตัดจำหน่ายสินทรัพย์สิทธิการใช้ด้วย
422600,ค่าตอบแทนกรรมการและผู้บริหาร,หมายถึง เงินหรือทรัพย์สินอื่นใดที่จ่ายให้กรรมการและผู้บริหารตามมาตรา 90 ของพระราชบัญญัติบริษัทมหาชนจำกัด พ.ศ. 2535
430700,(กลับรายการ) ผลขาดทุนด้านเครดิตที่คาดว่าจะเกิดขึ้น,"หมายถึง จำนวนเงินที่บริษัทรับรู้ผลขาดทุนด้านเครดิตที่คาดว่าจะเกิดขึ้น (หรือกลับรายการผลขาดทุน) ตามมาตรฐานการรายงานทางการเงินฉบับที่ 9 เรื่อง เครื่องมือทางการเงิน 

ผลขาดทุนด้านเครดิต หมายถึง ผลต่างระหว่างกระแสเงินสดตามสัญญาทั้งหมดซึ่งบริษัทหลักทรัพย์ต้องได้รับ กับ กระแสเงินสดทั้งหมดซึ่งบริษัทหลักทรัพย์คาดว่าจะได้รับ (จำนวนเงินที่คาดว่าจะไม่ได้รับ) คิดลดด้วยอัตราดอกเบี้ยที่แท้จริงเมื่อเริ่มแรก หรืออัตราดอกเบี้ยที่แท้จริงปรับด้วยความเสี่ยงด้านเครดิตสำหรับสินทรัพย์ทางการเงินที่มีการด้อยค่าด้านเครดิตเมื่อซื้อหรือเมื่อกำเนิด โดยในการประมาณกระแสเงินสดนั้นบริษัทหลักทรัพย์ต้องพิจารณาเงื่อนไขตามสัญญาทั้งหมดของเครื่องมือทางการเงิน (เช่น การชำระเงินก่อนครบกำหนด การขยายระยะเวลา สิทธิเลือกที่จะซื้อ และสิทธิเลือกที่มีลักษณะคล้ายคลึงกัน เป็นต้น) ตลอดอายุของเครื่องมือทางการเงินที่คาดไว้นั้น รวมถึงกระแสเงินสดที่ได้มาจากการขายหลักประกันที่ถือไว้หรือส่วนปรับปรุงด้านเครดิตอื่น ๆ ซึ่งถือเป็นส่วนหนึ่งของเงื่อนไขตามสัญญา

กลับรายการผลขาดทุนด้านเครดิตที่คาดว่าจะเกิดขึ้น หมายถึง มูลค่าที่ลดลงของผลขาดทุนด้านเครดิตที่คาดว่าจะเกิดขึ้นสำหรับสินทรัพย์ทางการเงินที่บริษัทเคยรับรู้ไว้ในงวดก่อน"
430800,(กลับรายการ) ขาดทุนจากการด้อยค่าของเงินลงทุนในบริษัทย่อย บริษัทร่วม และการร่วมค้า,"หมายถึง จำนวนเงินที่กิจการรับรู้ผลขาดทุนจากการด้อยค่าของเงินลงทุนในบริษัทย่อย บริษัทร่วม และการร่วมค้า

กลับรายการขาดทุนจากการด้อยค่าของเงินลงทุนในบริษัทย่อย บริษัทร่วม และการร่วมค้า หมายถึง มูลค่าที่ลดลงของการด้อยค่าของเงินลงทุนที่บริษัทเคยรับรู้ไว้ในงวดก่อน"
429800,ค่าใช้จ่ายอื่น,หมายถึง ค่าใช้จ่ายนอกจากที่กำหนดให้แสดงไว้ในเลขอ้างอิงที่  146 ถึง 153 เช่น ค่าเช่า ค่าไฟฟ้า ค่ารับรอง ค่าภาษีอากร ผลเสียหายจากการทุจริตของพนักงาน เป็นต้น และผลขาดทุนจากการขายที่ดิน อาคาร อุปกรณ์ และทรัพย์สินอื่นที่มิได้ถือเป็นสินทรัพย์ลงทุน ในกรณีที่มีกำไรจากการขายทรัพย์สินดังกล่าว ให้นำมาหักล้างจากรายการนี้เพื่อแสดงยอดสุทธิกรณีที่ยอดสุทธิของแต่ละประเภทเป็นผลกำไรให้นำไปแสดงเป็น รายได้อื่น
429999,รวมค่าใช้จ่าย,รวมต้นทุนและค่าใช้จ่าย เป็นผลรวมของเลขอ้างอิงที่ 146 ถึง 154
431100,ส่วนแบ่งกำไร (ขาดทุน) จากเงินลงทุนตามวิธีส่วนได้เสีย,หมายถึง ส่วนแบ่งกำไร (ขาดทุน) เบ็ดเสร็จอื่นตามวิธีส่วนได้เสียที่ได้รับจากบริษัทย่อย บริษัทร่วม และการร่วมค้า ซึ่งบันทึกเงินลงทุนดังกล่าวตามวิธีส่วนได้เสีย 
431200,รายได้ (ค่าใช้จ่าย) อื่น จากบริษัทย่อย บริษัทร่วม และการร่วมค้า,หมายถึง รายได้ (ค่าใช้จ่าย) อื่น จากบริษัทย่อย บริษัทร่วม และการร่วมค้า ที่บริษัทต้องรับรู้ ที่นอกเหนือจากเลขอ้างอิงที่ 156 “รายการส่วนแบ่งกำไร (ขาดทุน) จากเงินลงทุนตามวิธีส่วนได้เสีย
439700,กำไร (ขาดทุน) อื่น,"หมายถึง กำไร (ขาดทุน) อื่น นอกเหนือจากเลขอ้างอิงที่ 156 ถึง 157

กำไร (ขาดทุน) อื่น ประกอบด้วยเลขอ้างอิงที่ 159 ถึง 169"
439710,กำไร (ขาดทุน) จากอัตราแลกเปลี่ยน,หมายถึง กำไร (ขาดทุน) จากการเปลี่ยนแปลงในมูลค่าของอัตราแลกเปลี่ยนเงินตราต่างประเทศ จากการรับชำระหรือจ่ายชำระรายการที่เป็นเงินตราต่างประเทศ และจากการแปลงค่าของสินทรัพย์และหนี้สินที่เป็นเงินตราต่างประเทศเป็นสกุลเงินที่ใช้ในการดำเนินงาน 
439720,กำไร (ขาดทุน) จากเครื่องมือทางการเงินที่วัดมูลค่าด้วยมูลค่ายุติธรรมผ่านกำไรหรือขาดทุน,"หมายถึง รายการดังต่อไปนี้
1. กำไร (ขาดทุน) จากการจำหน่าย และ การวัดมูลค่ายุติธรรมของสินทรัพย์ทางการเงินที่วัดมูลค่าด้วยมูลค่ายุติธรรมผ่านกำไรหรือขาดทุน 
2. กำไร (ขาดทุน) จากการวัดมูลค่ายุติธรรมของอนุพันธ์เพื่อค้าและเพื่อป้องกันความเสี่ยงที่ไม่ได้เลือกวิธีการบัญชีป้องกันความเสี่ยง และอนุพันธ์แฝงที่แยกรับรู้จากสัญญาหลัก 
3. กำไร (ขาดทุน) สุทธิจากการตัดรายการเครื่องมือทางการเงินที่กำหนดให้วัดมูลค่าด้วยมูลค่ายุติธรรมผ่านกำไรหรือขาดทุน"
439730,กำไร (ขาดทุน) จากการขายสินทรัพย์ทางการเงินที่ไม่ได้วัดมูลค่าด้วยมูลค่ายุติธรรมผ่านกำไรหรือขาดทุน,หมายถึง กำไร (ขาดทุน) จากการขายสินทรัพย์ทางการเงินประเภทตราสารหนี้ที่วัดมูลค่าด้วยมูลค่ายุติธรรมผ่านกำไรหรือขาดทุนเบ็ดเสร็จอื่นและสินทรัพย์ทางการเงินที่วัดมูลค่าด้วยราคาทุนตัดจำหน่าย
439740,กำไร (ขาดทุน) จากการขายสินทรัพย์ที่ไม่ใช่สินทรัพย์ทางการเงิน,หมายถึง กำไร (ขาดทุน) จากการขายสินทรัพย์อื่นที่ไม่ใช่สินทรัพย์ทางการเงิน เช่น กำไร (ขาดทุน) จากการจำหน่ายสินทรัพย์ถาวร เป็นต้น
439750,กำไร (ขาดทุน) จากการเปลี่ยนแปลงมูลค่ายุติธรรมของสินทรัพย์ที่ไม่ใช่สินทรัพย์ทางการเงิน,หมายถึง กำไร (ขาดทุน) จากการเปลี่ยนแปลงมูลค่ายุติธรรมของสินทรัพย์อื่นที่ไม่ใช่สินทรัพย์ทางการเงิน เช่น กำไร (ขาดทุน) จากการเปลี่ยนแปลงมูลค่ายุติธรรมของอสังหาริมทรัพย์เพื่อการลงทุน หากบริษัทเลือกใช้วิธีวัดมูลค่าด้วยวิธีมูลค่ายุติธรรม เป็นต้น
439760,กำไร (ขาดทุน) จากการจัดประเภทใหม่ของสินทรัพย์ทางการเงิน,"หมายถึง กำไร (ขาดทุน) ที่เกิดจากการจัดประเภทใหม่ หรือการโอนเปลี่ยนประเภทของสินทรัพย์ทางการเงิน

กำไร (ขาดทุน) จากการจัดประเภทใหม่ของสินทรัพย์ทางการเงิน ประกอบด้วยเลขอ้างอิงที่ 165 ถึง 167"
439761,กำไร (ขาดทุน) จากการจัดประเภทใหม่ของสินทรัพย์ทางการเงินที่เคยรับรู้ไว้ด้วยราคาทุนตัดจำหน่าย,หมายถึง ผลต่างที่เกิดขึ้นจากการจัดประเภทใหม่ของสินทรัพย์ทางการเงินที่วัดมูลค่าด้วยราคาทุนตัดจำหน่าย ไปเป็นสินทรัพย์ทางการเงินที่วัดมูลค่าด้วยมูลค่ายุติธรรมผ่านกำไรหรือขาดทุน
439762,กำไร (ขาดทุน) สะสม จากการจัดประเภทใหม่ของสินทรัพย์ทางการเงินที่เคยรับรู้ไว้ในกำไรขาดทุนเบ็ดเสร็จอื่น,หมายถึง จำนวนเงินที่โอนผลสะสมของผลกำไรหรือขาดทุนที่เคยรับรู้ไว้ในกำไรขาดทุนเบ็ดเสร็จอื่นออกจากส่วนของเจ้าของมายังกำไรหรือขาดทุน ซึ่งเป็นผลมาจากการที่บริษัทจัดประเภทใหม่ของสินทรัพย์ทางการเงินที่วัดมูลค่าด้วยมูลค่ายุติธรรมผ่านกำไรขาดทุนเบ็ดเสร็จอื่นไปเป็นสินทรัพย์ทางการเงินที่วัดมูลค่าด้วยมูลค่ายุติธรรมผ่านกำไรหรือขาดทุน
439763,กำไร (ขาดทุน) จากการจัดประเภทใหม่ของสินทรัพย์ทางการเงิน - อื่น ๆ,หมายถึง กำไร (ขาดทุน) จากการจัดประเภทใหม่ของสินทรัพย์ทางการเงิน ในกรณีอื่น ๆ ที่นอกเหนือจากเลขอ้างอิงที่ 165 ถึง 166
439780,ผลกำไร (ขาดทุน) จากยอดดุลสุทธิของรายการที่เป็นตัวเงิน,หมายถึง ผลต่างที่เกิดจากการปรับปรุงใหม่ของรายการที่ไม่เป็นตัวเงิน รายการในส่วนของเจ้าของ รายการในงบกำไรขาดทุนเบ็ดเสร็จ และจากการปรับปรุงสินทรัพย์และหนี้สินที่ผูกกับดัชนีราคา ซึ่งผลกำไรหรือขาดทุนดังกล่าวนี้จะเกิดขึ้นในสภาพเศรษฐกิจที่เงินเฟ้อรุนแรงโดยบริษัทหลักทรัพย์อาจประมาณได้จากการนำอัตราการเปลี่ยนแปลงในดัชนีราคาทั่วไปปรับกับจำนวนถัวเฉลี่ยถ่วงน้ำหนักของผลต่างระหว่างสินทรัพย์และหนี้สินที่เป็นตัวเงิน ทั้งนี้ เป็นการปฏิบัติตามมาตรฐานการบัญชี ฉบับที่ 29 เรื่อง การรายงานทางการเงินในสภาพเศรษฐกิจที่เงินเฟ้อรุนแรง
439790,กำไร (ขาดทุน) อื่น - อื่น ๆ,หมายถึง กำไร (ขาดทุน) อื่น รายการอื่น ๆ ที่นอกเหนือจากเลขอ้างอิงที่ 159 ถึง 168
409994,กำไร (ขาดทุน) ก่อนภาษีเงินได้,กำไร (ขาดทุน) ก่อนภาษีเงินได้ เป็นรายการสุทธิของเลขอ้างอิงที่ 144 และ 155 ถึง 169
439800,ภาษีเงินได้,หมายถึง ผลรวมของภาษีเงินได้นิติบุคคลของงวดปัจจุบันและภาษีเงินได้รอการตัดบัญชีที่ใช้ในการคำนวณกำไรหรือขาดทุนสำหรับงวดตามที่กำหนดในมาตรฐานการรายงานทางการเงินที่เกี่ยวข้อง
409995,กำไร (ขาดทุน) จากการดำเนินงานต่อเนื่อง,กำไร (ขาดทุน) จากการดำเนินงานต่อเนื่อง เป็นรายการสุทธิของเลขอ้างอิงที่ 170 ถึง 171
439900,กำไร (ขาดทุน) จากการดำเนินงานที่ยกเลิก,"หมายถึง ยอดรวมของ รายการดังต่อไปนี้
1. กำไรหรือขาดทุนหลังภาษีเงินได้จากการดำเนินงานที่ยกเลิก และ
2. ผลกำไรหรือขาดทุนหลังภาษีเงินได้ที่รับรู้จากการวัดมูลค่ายุติธรรมสุทธิหักจากต้นทุนในการขาย หรือจากการจำหน่ายกลุ่มสินทรัพย์ที่ยกเลิกที่เกี่ยวข้องกับการดำเนินงานที่ยกเลิก"
409996,กำไร (ขาดทุน) สุทธิ สำหรับงวด,"หมายถึง ยอดรวมรายได้หักด้วยยอดรวมค่าใช้จ่าย

กำไร (ขาดทุน) สุทธิ สำหรับงวด เป็นรายการสุทธิของเลขอ้างอิงที่ 172 ถึง 173"
430000,กำไรขาดทุนเบ็ดเสร็จอื่น,"หมายถึง รายการรายได้และค่าใช้จ่าย (รวมถึงการปรับปรุงการจัดประเภทรายการใหม่) ซึ่งมาตรฐานการรายงานทางการเงินไม่อนุญาตให้รับรู้ในกำไรหรือขาดทุน แต่กำหนดให้รับรู้ผ่านกำไรขาดทุนเบ็ดเสร็จอื่น 
กำไรขาดทุนเบ็ดเสร็จอื่น ประกอบด้วยเลขอ้างอิงที่ 177 ถึง 197"
409991,กำไร (ขาดทุน) สุทธิ สำหรับงวด / กำไร (ขาดทุน) จากการดำเนินงานต่อเนื่อง,หมายถึง กำไร (ขาดทุน) สุทธิ สำหรับงวดที่ เป็นรายการตั้งต้นสำหรับงบกำไรขาดทุนเบ็ดเสร็จอื่น
440000,รายการที่จัดประเภทรายการใหม่เข้าไปไว้ในกำไรหรือขาดทุนในภายหลัง,รายการที่จัดประเภทรายการใหม่เข้าไปไว้ในกำไรหรือขาดทุนในภายหลัง ประกอบด้วยเลขอ้างอิงที่ 178 ถึง 187
440100,กำไร (ขาดทุน) จากการวัดมูลค่าเงินลงทุนในตราสารหนี้ด้วยมูลค่ายุติธรรมผ่านกำไรขาดทุนเบ็ดเสร็จอื่น,หมายถึง กำไรและขาดทุนจากการเปลี่ยนแปลงในมูลค่ายุติธรรมของเงินลงทุนในตราสารหนี้ที่วัดมูลค่าด้วยมูลค่ายุติธรรมผ่านกำไรขาดทุนเบ็ดเสร็จอื่น
440200,กำไร (ขาดทุน) จากการวัดมูลค่ายุติธรรมเครื่องมือที่ใช้สำหรับการป้องกันความเสี่ยงในกระแสเงินสด,หมายถึง กำไรและขาดทุนจากการประเมินมูลค่ายุติธรรมอนุพันธ์ที่ใช้ในการป้องกันความเสี่ยงในกระแสเงินสด เฉพาะในส่วนที่มีประสิทธิผลที่จะต้องแสดงในส่วนของเจ้าของ
440300,กำไร (ขาดทุน) จากการประเมินมูลค่ายุติธรรมตราสารป้องกันความเสี่ยงสำหรับป้องกันความเสี่ยงของเงินลงทุนสุทธิ,หมายถึง กำไรและขาดทุนจากการประเมินมูลค่าอนุพันธ์ที่ใช้ในการป้องกันความเสี่ยงในเงินลงทุนสุทธิในหน่วยงานต่างประเทศเฉพาะในส่วนที่มีประสิทธิผลที่จะต้องแสดงในส่วนของเจ้าของ
440500,ผลต่างอัตราแลกเปลี่ยนจากการแปลงค่างบการเงิน,หมายถึง ผลกำไรและขาดทุนจากการแปลงค่างบการเงินให้เป็นสกุลเงินที่นำเสนอรายงาน ทั้งนี้ วิธีการแปลงค่างบการเงินให้เป็นไปตามที่กำหนดในมาตรฐานการรายงานทางการเงินที่เกี่ยวข้อง
440600,กำไร (ขาดทุน) จากการเปลี่ยนแปลงในมูลค่าของมูลค่าตามเวลาของสัญญาสิทธิที่จะซื้อหรือจะขาย,หมายถึง กำไรและขาดทุนจากการเปลี่ยนแปลงในมูลค่าของมูลค่าตามเวลา (Time value) ของสัญญาสิทธิที่จะซื้อหรือจะขาย เมื่อบริษัทแยกมูลค่าที่แท้จริง (Intrinsic value) และมูลค่าตามเวลาของสัญญาสิทธิที่จะซื้อหรือจะขาย และกำหนดให้เฉพาะส่วนที่เป็นมูลค่าที่แท้จริงของสัญญาสิทธิที่จะซื้อหรือจะขายเป็นเครื่องมือป้องกันความเสี่ยง
440700,กำไร (ขาดทุน) จากการเปลี่ยนแปลงในมูลค่าของอัตราแลกเปลี่ยนล่วงหน้าของสัญญาซื้อขายล่วงหน้า,หมายถึง กำไรและขาดทุนจากการเปลี่ยนแปลงในมูลค่าของอัตราแลกเปลี่ยนล่วงหน้าของสัญญาซื้อขายล่วงหน้า เมื่อบริษัทแยกส่วนของอัตราแลกเปลี่ยนล่วงหน้าและส่วนของอัตราแลกเปลี่ยนทันทีของสัญญาซื้อขายล่วงหน้า (Separates the forward element and the spot element of a forward contract) และกำหนดให้เฉพาะการเปลี่ยนแปลงในมูลค่าของอัตราแลกเปลี่ยนทันทีของสัญญาซื้อขายล่วงหน้าเป็นเครื่องมือป้องกันความเสี่ยง
440800,กำไร (ขาดทุน) จากการเปลี่ยนแปลงในมูลค่าของส่วนต่างอัตราแลกเปลี่ยนเงินตราต่างประเทศ,หมายถึง กำไรและขาดทุนจากการเปลี่ยนแปลงในมูลค่าของอัตราแลกเปลี่ยนเงินตราต่างประเทศ (Foreign currency basis spread) เมื่อบริษัทหลักทรัพย์แยกส่วนต่างอัตราแลกเปลี่ยนเงินตราต่างประเทศออกจากเครื่องมือทางการเงินและไม่นำไปรวมในการกำหนดเครื่องมือทางการเงินเป็นเครื่องมือป้องกันความเสี่ยง
440900,ส่วนแบ่งกำไร (ขาดทุน) เบ็ดเสร็จอื่นในบริษัทย่อย บริษัทร่วม และการร่วมค้า (ภายใต้วิธีส่วนได้เสีย) สำหรับรายการที่จัดประเภทรายการใหม่เข้าไปไว้ในกำไรหรือขาดทุนในภายหลัง,หมายถึง ส่วนแบ่งกำไรขาดทุนเบ็ดเสร็จอื่นในส่วนที่สามารถจัดประเภทใหม่ไว้ในกำไรหรือขาดทุนในภายหลัง ซึ่งรับรู้ตามวิธีส่วนได้เสีย สำหรับเงินลงทุนในบริษัทย่อย บริษัทร่วม และการร่วมค้า 
449800,องค์ประกอบอื่นของกำไรขาดทุนเบ็ดเสร็จอื่นที่จะจัดประเภทรายการใหม่เข้าไปไว้ในกำไรหรือขาดทุนในภายหลัง,หมายถึง กำไรขาดทุนเบ็ดเสร็จอื่น สำหรับรายการอื่น ๆ ที่อาจถูกจัดประเภทใหม่ไว้ในกำไรหรือขาดทุนในภายหลัง นอกเหนือจากรายการที่แยกแสดงเป็นเลขอ้างอิงที่ 178 ถึง 185
449900,ภาษีเงินได้ของรายการที่จะจัดประเภทรายการใหม่เข้าไปไว้ในกำไรหรือขาดทุนในภายหลัง,หมายถึง จำนวนภาษีเงินได้เกี่ยวกับแต่ละองค์ประกอบของกำไรขาดทุนเบ็ดเสร็จอื่นที่อาจถูกจัดประเภทใหม่ไว้ในกำไรหรือขาดทุนในภายหลัง ในกรณีที่บริษัทเลือกแสดงองค์ประกอบของกำไรขาดทุนเบ็ดเสร็จอื่นด้วยยอดก่อนหักผลกระทบทางภาษีที่เกี่ยวข้อง และแสดงรายการภาษีที่เกี่ยวข้องเป็นรายการแยกต่างหาก
450000,รายการที่ไม่จัดประเภทรายการใหม่เข้าไปไว้ในกำไรหรือขาดทุนในภายหลัง,"รายการที่จะไม่จัดประเภทรายการใหม่เข้าไปไว้ในกำไรหรือขาดทุนในภายหลัง

รายการที่จะไม่จัดประเภทรายการใหม่เข้าไปไว้ในกำไรหรือขาดทุนในภายหลัง ประกอบด้วยเลขอ้างอิงที่ 189 ถึง 196"
450100,กำไร (ขาดทุน) จากการเปลี่ยนแปลงในส่วนเกินทุนจากการตีราคาสินทรัพย์,หมายถึง การเปลี่ยนแปลงในส่วนเกินทุนจากการตีราคาที่ดิน อาคาร และอุปกรณ์ และสินทรัพย์ไม่มีตัวตน
450200,กำไร (ขาดทุน) จากการวัดมูลค่าเงินลงทุนในตราสารทุนด้วยมูลค่ายุติธรรมผ่านกำไรขาดทุนเบ็ดเสร็จอื่น,หมายถึง กำไรและขาดทุนจากการเปลี่ยนแปลงในมูลค่ายุติธรรมและการตัดรายการออกจากบัญชีของเงินลงทุนในตราสารทุนที่กำหนดให้วัดมูลค่าด้วยมูลค่ายุติธรรมผ่านกำไรขาดทุนเบ็ดเสร็จอื่น
450300,กำไร (ขาดทุน) จากหนี้สินทางการเงินที่กำหนดให้วัดมูลค่ายุติธรรมผ่านกำไรขาดทุนอันเนื่องมาจากความเสี่ยงด้านเครดิต,หมายถึง กำไรและขาดทุนจากการเปลี่ยนแปลงในมูลค่ายุติธรรมของหนี้สินทางการเงินที่กำหนดให้วัดมูลค่าด้วยมูลค่ายุติธรรมผ่านกำไรหรือขาดทุน เฉพาะส่วนที่เป็นผลจากการเปลี่ยนแปลงความเสี่ยงด้านเครดิตของหนี้สินทางการเงินนั้น
450400,กำไร (ขาดทุน) จากเครื่องมือป้องกันความเสี่ยงของเงินลงทุนในตราสารทุนที่กำหนดให้วัดมูลค่าด้วยมูลค่ายุติธรรมผ่านกำไรขาดทุนเบ็ดเสร็จอื่น,หมายถึง กำไรและขาดทุนจากการเปลี่ยนแปลงในมูลค่ายุติธรรมของเครื่องมือป้องกันความเสี่ยง ที่ใช้ป้องกันความเสี่ยงในมูลค่ายุติธรรมของเงินลงทุนในตราสารทุนที่กำหนดให้วัดมูลค่าด้วยมูลค่ายุติธรรมผ่านกำไรขาดทุนเบ็ดเสร็จอื่น
450500,ส่วนแบ่งกำไร (ขาดทุน) เบ็ดเสร็จอื่นในบริษัทย่อย บริษัทร่วม และการร่วมค้า (ภายใต้วิธีส่วนได้เสีย) สำหรับรายการที่ไม่จัดประเภทรายการใหม่เข้าไปไว้ในกำไรหรือขาดทุนในภายหลัง,หมายถึง ส่วนแบ่งกำไร (ขาดทุน) เบ็ดเสร็จอื่นตามวิธีส่วนได้เสียที่ได้รับจากบริษัทย่อย บริษัทร่วม และการร่วมค้า กรณีบันทึกเงินลงทุนดังกล่าวตามวิธีส่วนได้เสีย ซึ่งเป็นกำไร (ขาดทุน) เบ็ดเสร็จอื่นที่เป็นรายการที่จะไม่ถูกจัดประเภทรายการใหม่เข้าไปไว้ในกำไรหรือขาดทุนในภายหลัง
450600,กำไร (ขาดทุน) จากการประมาณการตามหลักคณิตศาสตร์ประกันภัยสำหรับโครงการผลประโยชน์พนักงาน,หมายถึง กำไรและขาดทุนจากการประมาณการตามหลักคณิตศาสตร์ประกันภัย ผลตอบแทนของสินทรัพย์โครงการ และการเปลี่ยนแปลงใด ๆ ต่อผลกระทบของเพดานของสินทรัพย์
459800,องค์ประกอบอื่นของกำไรขาดทุนเบ็ดเสร็จอื่นที่จะไม่จัดประเภทรายการใหม่เข้าไปไว้ในกำไรหรือขาดทุนในภายหลัง,หมายถึง กำไรขาดทุนเบ็ดเสร็จอื่น สำหรับรายการอื่น ๆ ที่อาจถูกจัดประเภทใหม่ไว้ในกำไรหรือขาดทุนในภายหลัง นอกเหนือจากเลขอ้างอิงที่ 189 ถึง 194
459900,ภาษีเงินได้ของรายการที่จะไม่จัดประเภทรายการใหม่เข้าไปไว้ในกำไรหรือขาดทุนในภายหลัง,หมายถึง ภาษีเงินได้ที่เกี่ยวกับแต่ละองค์ประกอบของกำไรขาดทุนเบ็ดเสร็จอื่น ที่จะไม่ถูกจัดประเภทใหม่เข้าไปไว้ในกำไรหรือขาดทุนในภายหลัง ในกรณีที่บริษัทเลือกแสดงองค์ประกอบของกำไรขาดทุนเบ็ดเสร็จอื่นด้วยยอดก่อนหักผลกระทบทางภาษีที่เกี่ยวข้อง และแสดงรายการภาษีที่เกี่ยวข้องเป็นรายการแยกต่างหาก
409998,กำไร (ขาดทุน) เบ็ดเสร็จอื่น - สุทธิจากภาษี,"หมายถึง ผลรวมของกำไร (ขาดทุน) เบ็ดเสร็จอื่น ประกอบด้วยผลรวมรายการที่อาจถูกจัดประเภทใหม่ไว้ในกำไรหรือขาดทุนในภายหลัง และผลรวมรายการที่จะไม่ถูกจัดประเภทใหม่ไว้ในกำไรหรือขาดทุนในภายหลัง หลังหักภาษีเงินได้

กำไร (ขาดทุน) เบ็ดเสร็จอื่น – สุทธิจากภาษี เป็นรายการสุทธิของเลขอ้างอิงที่ 178 ถึง 196"
409999,กำไร (ขาดทุน) เบ็ดเสร็จรวม สำหรับงวด,กำไร (ขาดทุน) เบ็ดเสร็จรวม สำหรับงวด เป็นรายการสุทธิของเลขอ้างอิงที่ 174  และ 197
460000,การแบ่งปันกำไร (ขาดทุน) สุทธิ,"หมายถึง การแบ่งปันกำไร (ขาดทุน) สำหรับงวดให้แก่ผู้ถือหุ้น ทั้งในส่วนที่เป็นของบริษัทใหญ่ และส่วนที่เป็นของส่วนได้เสียที่ไม่มีอำนาจควบคุม 

การแบ่งปันกำไร (ขาดทุน) สุทธิ ประกอบด้วยเลขอ้างอิงที่ 197 ถึง 198"
460100,การแบ่งปันกำไร (ขาดทุน) สุทธิ : ผู้ถือหุ้นบริษัทใหญ่,หมายถึง กำไร (ขาดทุน) สุทธิสำหรับส่วนของผู้ถือหุ้นของบริษัทใหญ่
460200,การแบ่งปันกำไร (ขาดทุน) สุทธิ : ส่วนได้เสียที่ไม่มีอำนาจควบคุม,หมายถึง กำไร (ขาดทุน) สุทธิสำหรับส่วนของส่วนได้เสียที่ไม่มีอำนาจควบคุมในบริษัทย่อยของกลุ่มบริษัท รวมถึง กำไร (ขาดทุน) สุทธิ สำหรับส่วนที่เป็นของผู้ถือหุ้นเดิมก่อนการปรับโครงสร้างธุรกิจ
470000,การแบ่งปันกำไร (ขาดทุน) เบ็ดเสร็จรวม,"หมายถึง การแบ่งปันกำไร (ขาดทุน) เบ็ดเสร็จรวมสำหรับงวดให้แก่ผู้ถือหุ้น ทั้งในส่วนที่เป็นของบริษัทใหญ่ และส่วนที่เป็นของส่วนได้เสียที่ไม่มีอำนาจควบคุม 

การแบ่งปันกำไร (ขาดทุน) เบ็ดเสร็จรวม ประกอบด้วยเลขอ้างอิงที่ 203 ถึง 204"
470100,การแบ่งปันกำไร (ขาดทุน) เบ็ดเสร็จรวม : ผู้ถือหุ้นบริษัทใหญ่,หมายถึง กำไร (ขาดทุน) เบ็ดเสร็จรวมสำหรับส่วนของผู้ถือหุ้นของบริษัทใหญ่
470200,การแบ่งปันกำไร (ขาดทุน) เบ็ดเสร็จรวม : ส่วนได้เสียที่ไม่มีอำนาจควบคุม,หมายถึง กำไร (ขาดทุน) เบ็ดเสร็จรวมสำหรับส่วนของส่วนได้เสียที่ไม่มีอำนาจควบคุมในบริษัทย่อยของกลุ่มบริษัท รวมถึง กำไร (ขาดทุน) เบ็ดเสร็จรวม สำหรับส่วนที่เป็นของผู้ถือหุ้นเดิมก่อนการปรับโครงสร้างธุรกิจ
480100,กำไร (ขาดทุน) ต่อหุ้นขั้นพื้นฐาน (บาท/หุ้น),หมายถึง ส่วนเฉลี่ยของกำไรหรือขาดทุนต่อหุ้นขั้นพื้นฐานที่เป็นของผู้ถือหุ้นสามัญของบริษัทใหญ่ โดยวิธีการคำนวณให้เป็นไปตามที่กำหนดในมาตรฐานการรายงานทางการเงินที่เกี่ยวข้อง 
480200,กำไร (ขาดทุน) ต่อหุ้นปรับลด (บาท/หุ้น),หมายถึง ส่วนเฉลี่ยของกำไรหรือขาดทุนต่อหุ้นที่เป็นของผู้ถือหุ้นสามัญของบริษัทใหญ่ ซึ่งมีการปรับปรุงกำไรหรือขาดทุนที่เป็นของผู้ถือหุ้นสามัญของบริษัทใหญ่และจำนวนถัวเฉลี่ยถ่วงน้ำหนักของหุ้นสามัญที่ถือโดยผู้ถือหุ้นด้วยผลกระทบของตราสารที่อาจเปลี่ยนเป็นหุ้นสามัญปรับลดทั้งหมด โดยวิธีการคำนวณให้เป็นไปตามที่กำหนดในมาตรฐานการรายงานทางการเงินที่เกี่ยวข้อง 