set_code,item_in_taxonomy,meaning_of_taxonomy
100000,สินทรัพย์,สินทรัพย์ ประกอบด้วยเลขอ้างอิงที่ 2 ถึง 107
110000,สินทรัพย์หมุนเวียน,สินทรัพย์หมุนเวียน ประกอบด้วยเลขอ้างอิงที่ 3 ถึง 51
110100,เงินสดและรายการเทียบเท่าเงินสด,"หมายถึง รายการดังต่อไปนี้
1. เงินสด หมายถึง เงินสดในมือและเงินฝากธนาคารที่ต้องจ่ายคืนเมื่อทวงถาม เช่น
1.1 ธนบัตรและเหรียญกษาปณ์ที่บริษัทมีอยู่ รวมทั้งเงินสดย่อย ธนาณัติตั๋วแลกเงินไปรษณีย์
1.2 เงินฝากธนาคารกระแสรายวันและออมทรัพย์ ทั้งนี้เงินสดไม่รวมถึงเงินฝากธนาคารประเภทจ่ายคืนเมื่อสิ้นระยะเวลา (เงินฝากประจำ)
1.3 เช็คที่ถึงกำหนดชำระแต่ยังมิได้นำฝาก เช็คเดินทาง ดราฟต์ของธนาคาร

2. รายการเทียบเท่าเงินสด หมายถึง เงินลงทุนระยะสั้นที่มีสภาพคล่องสูง (ภายในระยะเวลา 3 เดือน) ซึ่งพร้อมที่จะเปลี่ยนเป็นเงินสดในจำนวนที่ทราบได้และมีความเสี่ยงที่ไม่มีนัยสำคัญต่อการเปลี่ยนแปลงในมูลค่า เช่น เงินลงทุนในตั๋วแลกเงิน / ตั๋วสัญญาใช้เงิน ซึ่งมีอายุไม่เกิน 3 เดือนนับจากวันที่ได้มา เงินฝากประจำที่มีอายุไม่เกิน 3 เดือน รวมถึงเงินฝากที่มีข้อจำกัดในการใช้ที่ข้อจำกัดในการใช้นั้นไม่เป็นนัยสำคัญ"
110300,เงินฝากสถาบันการเงินที่มีข้อจำกัดในการใช้ - หมุนเวียน,หมายถึง เงินฝากสถาบันการเงินทุกประเภทที่มีข้อจำกัดในการนำไปใช้ เช่น เงินฝากประจำหรือเงินฝากออมทรัพย์ที่ใช้เป็นหลักประกันเงินกู้ซึ่งไม่สามารถนำไปใช้ได้อย่างไม่มีเงื่อนไข ซึ่งข้อจำกัดในการใช้ดังกล่าวคาดว่าจะหมดไปภายใน 12 เดือนนับจากวันสิ้นรอบระยะเวลารายงาน นอกเหนือจากเลขอ้างอิงที่ 3
111600,เงินลงทุนระยะสั้น - สุทธิ,"หมายถึง เงินลงทุนในตราสารหนี้และตราสารทุนต่าง ๆ ซึ่งบริษัทคาดว่าจะถือครองไม่เกิน 12 เดือน ทั้งนี้ ไม่รวมถึงเงินลงทุนในบริษัทย่อย บริษัทร่วม และการร่วมค้า โดยแสดงมูลค่าสุทธิหลังจากบวกหรือหักค่าเผื่อการปรับมูลค่ายุติธรรม และ/หรือ ค่าเผื่อผลขาดทุนด้านเครดิตที่คาดว่าจะเกิดขึ้นของเงินลงทุน 

เงินลงทุนตามรายการดังกล่าวข้างต้น รวมถึงเงินลงทุนในตราสารดังต่อไปนี้
1. ตราสารหนี้ (Debt securities) ประกอบด้วยรายการดังต่อไปนี้
1.1 หลักทรัพย์รัฐบาลและรัฐวิสาหกิจ (Government and state enterprises securities) หมายถึง ตั๋วเงินคลัง พันธบัตร หรือตราสารอื่นที่ออกโดยรัฐบาลไทยและรัฐบาลต่างประเทศ องค์การบริหารราชการส่วนท้องถิ่นและจังหวัด หุ้นกู้ พันธบัตรหรือตราสารอื่นที่องค์การของรัฐ รัฐวิสาหกิจ หรือนิติบุคคลที่มีกฎหมายเฉพาะจัดตั้งขึ้นเป็นผู้ออก
1.2 ตราสารหนี้ภาคเอกชน (Private enterprises debt securities) หมายถึง หุ้นกู้ ตั๋วแลกเงิน ตั๋วสัญญาใช้เงิน และตราสารแห่งหนี้อื่นใดที่ออกโดยสถาบันการเงินหรือธุรกิจอื่นทั้งในและต่างประเทศที่มีลักษณะเป็นการระดมทุนหรือคล้ายหุ้นกู้ตามที่สำนักงานคณะกรรมการกำกับหลักทรัพย์และตลาดหลักทรัพย์กำหนด
1.3 ตราสารหนี้อื่น (Other debt securities) หมายถึง เงินฝากประจำและบัตรเงินฝากที่มีอายุเกิน 3 เดือน แต่ไม่เกิน 12 เดือนนับจากวันที่ได้มา และตราสารหนี้อื่นที่มิได้กล่าวไว้ในรายการข้างต้น

2. ตราสารทุน (Equity securities) ประกอบด้วยรายการดังต่อไปนี้
2.1 ตราสารทุนในความต้องการของตลาด (Marketable equity securities) หมายถึง หลักทรัพย์ที่มีการซื้อขายในตลาดซื้อขายคล่องทั้งในประเทศและต่างประเทศ
2.2 ตราสารทุนที่ไม่อยู่ในความต้องการของตลาด (Non-marketable equity securities) หมายถึง หลักทรัพย์ที่ไม่มีการซื้อขายในตลาดซื้อขายคล่องทั้งในประเทศและต่างประเทศ
2.3 หลักทรัพย์อื่น (Other equity securities) หมายถึง ตราสารทุนอื่นที่มิได้กล่าวไว้ในรายการข้างต้น

3. เครื่องมือทางการเงินผสม (Compound financial instruments) ที่มีลักษณะของทั้งตราสารหนี้และตราสารทุน เช่น หุ้นกู้แปลงสภาพ ที่ผู้ถือหุ้นกู้มีสิทธิในการแปลงสภาพจากหนี้ (หุ้นกู้) เป็นทุน (ตราสารทุนของกิจการผู้ออก) ได้

เงินลงทุนระยะสั้น - สุทธิ ประกอบด้วยเลขอ้างอิงที่ 6 ถึง 10"
111610,เงินลงทุนในตราสารหนี้ที่วัดมูลค่าด้วยมูลค่ายุติธรรมผ่านกำไรขาดทุน,หมายถึง เงินลงทุนในตราสารหนี้ซึ่งบริษัทคาดว่าจะถือครองไม่เกิน 12 เดือนที่ถือไว้เพื่อค้า (Held for trading) หรือเงินลงทุนในตราสารหนี้ที่ไม่ผ่านเงื่อนไขการจ่ายชำระเงินต้นและดอกเบี้ย (Solely payments of principal and interest หรือ SPPI test) คือกระแสเงินสดที่บริษัทได้รับไม่ได้มีเพียงองค์ประกอบของเงินต้นและดอกเบี้ยเท่านั้น แต่มีองค์ประกอบอื่นด้วย เช่น หุ้นกู้แปลงสภาพ ตราสารหนี้ที่ผลตอบแทนอ้างอิงจากดัชนีหุ้น เป็นต้น หรือเงินลงทุนในตราสารหนี้ที่บริษัทเลือกที่จะวัดมูลค่าด้วยวิธีมูลค่ายุติธรรมผ่านกำไรขาดทุน เช่น เพื่อขจัดหรือลดความไม่สอดคล้องกันในการวัดมูลค่าของสินทรัพย์ทางการเงินและหนี้สินทางการเงินของรายการที่เกี่ยวข้องกัน (Accounting mismatch) 
111620,เงินลงทุนในตราสารหนี้ที่วัดมูลค่าด้วยมูลค่ายุติธรรมผ่านกำไรขาดทุนเบ็ดเสร็จอื่น - สุทธิ,หมายถึง เงินลงทุนในตราสารหนี้ซึ่งบริษัทคาดว่าจะถือครองไม่เกิน 12 เดือนที่ถือไว้เพื่อทั้งรับชำระกระแสเงินสดจากเงินต้นและดอกเบี้ยและถือไว้เผื่อขาย (Held to collect and sell) ซึ่งตราสารหนี้ที่บริษัทไปลงทุนดังกล่าวจะต้องผ่านเงื่อนไขการจ่ายชำระด้วยเงินต้นและดอกเบี้ย (Solely payments of principal and interest หรือ SPPI test) คือ เงินสดที่จะได้รับชำระจะต้องมีเพียงองค์ประกอบของเงินต้นและดอกเบี้ยเท่านั้นและถือไว้เผื่อขาย โดยแสดงมูลค่าสุทธิหลังจากหักค่าเผื่อผลขาดทุนด้านเครดิตที่คาดว่าจะเกิดขึ้นของเงินลงทุน 
111630,เงินลงทุนในตราสารหนี้ที่วัดมูลค่าด้วยราคาทุนตัดจำหน่าย - สุทธิ,หมายถึง เงินลงทุนในตราสารหนี้ซึ่งบริษัทคาดว่าจะถือครองไม่เกิน 12 เดือนที่ถือไว้เพื่อรับชำระกระแสเงินสดจากเงินต้นและดอกเบี้ย (Held to collect) ซึ่งตราสารหนี้ที่บริษัทไปลงทุนดังกล่าวจะต้องผ่านเงื่อนไขการจ่ายชำระด้วยเงินต้นและดอกเบี้ย (Solely payments of principal and interest หรือ SPPI test) คือ เงินสดที่จะได้รับชำระจะต้องมีเพียงองค์ประกอบของเงินต้นและดอกเบี้ยเท่านั้น โดยแสดงมูลค่าสุทธิหลังจากหักค่าเผื่อผลขาดทุนด้านเครดิตที่คาดว่าจะเกิดขึ้นของเงินลงทุน 
111640,เงินลงทุนในตราสารทุนที่วัดมูลค่าด้วยมูลค่ายุติธรรมผ่านกำไรขาดทุน,หมายถึง เงินลงทุนในตราสารทุนซึ่งบริษัทคาดว่าจะถือครองไม่เกิน 12 เดือนที่บริษัทไม่มีอำนาจในการควบคุม และไม่มีอิทธิพลอย่างเป็นสาระสำคัญ และไม่มีอำนาจควบคุมร่วม โดยบริษัทเลือกวัดมูลค่าเงินลงทุนในตราสารทุนดังกล่าวด้วยมูลค่ายุติธรรมผ่านกำไรขาดทุน
111650,เงินลงทุนในตราสารทุนที่กำหนดให้วัดมูลค่าด้วยมูลค่ายุติธรรมผ่านกำไรขาดทุนเบ็ดเสร็จอื่น,หมายถึง เงินลงทุนในตราสารทุนซึ่งบริษัทคาดว่าจะถือครองไม่เกิน 12 เดือนที่บริษัทไม่มีอำนาจในการควบคุม และไม่มีอิทธิพลอย่างเป็นสาระสำคัญ และไม่มีอำนาจควบคุมร่วม โดยบริษัทเลือกวัดมูลค่าเงินลงทุนในตราสารทุนดังกล่าวด้วยมูลค่ายุติธรรมผ่านกำไรขาดทุนเบ็ดเสร็จอื่น
112000,ลูกหนี้การค้าและลูกหนี้หมุนเวียนอื่น - สุทธิ,"หมายถึง ลูกหนี้การค้าและลูกหนี้อื่นซึ่งบริษัทคาดว่าจะได้รับชำระภายในรอบระยะเวลาดำเนินงานตามปกติของบริษัท หรือถึงกำหนดรับชำระภายใน 12 เดือนนับจากวันสิ้นรอบระยะเวลารายงาน สุทธิจากค่าเผื่อผลขาดทุนด้านเครดิตที่คาดว่าจะเกิดขึ้น ประกอบด้วยรายการดังต่อไปนี้
1. ลูกหนี้การค้า หมายถึง สิทธิของบริษัทโดยปราศจากเงื่อนไขที่มีต่อสิ่งตอบแทนยกเว้นเงื่อนไขการจ่ายชำระสิ่งตอบแทนที่เป็นไปตามกำหนดเวลาที่ผ่านไป เช่น เงินที่ลูกค้าค้างชำระค่าสินค้าหรือค่าบริการที่บริษัทได้ส่งมอบสินค้าหรือให้บริการเสร็จสิ้นแล้ว เหลือเพียงแต่ระยะเวลาการจ่ายชำระตามกำหนดเวลาสินเชื่อ (Credit term) เท่านั้น รวมทั้งลูกหนี้ตามตั๋วเงินรับอันเกิดจากค่าสินค้าหรือบริการดังกล่าว 
2. ลูกหนี้หมุนเวียนอื่น หมายถึง ลูกหนี้อื่นที่ไม่ใช่ลูกหนี้การค้า เช่น เงินทดรองจ่าย ลูกหนี้จากการขายสินทรัพย์ถาวร ลูกหนี้ตามสัญญาโอนสิทธิ เป็นต้น

ลูกหนี้การค้าและลูกหนี้หมุนเวียนอื่น - สุทธิ เป็นรายการสุทธิของเลขอ้างอิงที่ 12 ถึง 14"
112010,บุคคลหรือกิจการอื่น,หมายถึง ลูกหนี้การค้าและลูกหนี้หมุนเวียนอื่นที่เป็นรายการกับบุคคลหรือกิจการที่ไม่มีความเกี่ยวข้องกัน (อ้างอิงตามคำนิยามของบุคคลหรือกิจการที่เกี่ยวข้องกันตาม มาตรฐานการบัญชี ฉบับที่ 24 เรื่อง บุคคลหรือกิจการที่เกี่ยวข้องกัน)
112020,บุคคลหรือกิจการที่เกี่ยวข้องกัน,หมายถึง ลูกหนี้การค้าและลูกหนี้หมุนเวียนอื่นที่เป็นรายการกับบุคคลหรือกิจการที่เกี่ยวข้องกัน (อ้างอิงตามคำนิยามของบุคคลหรือกิจการที่เกี่ยวข้องกันตาม มาตรฐานการบัญชี ฉบับที่ 24 เรื่อง บุคคลหรือกิจการที่เกี่ยวข้องกัน)
113130,ลูกหนี้หมุนเวียนอื่น,หมายถึง ลูกหนี้หมุนเวียนอื่นที่นอกเหนือจากเลขอ้างอิงที่ 12 ถึง 13 เช่น เงินทดรองจ่าย ลูกหนี้จากการขายสินทรัพย์ถาวร ลูกหนี้ตามสัญญาโอนสิทธิ เป็นต้น
112110,ลูกหนี้ภายใต้สัญญากับหน่วยงานของรัฐ - หมุนเวียน,หมายถึง ลูกหนี้จากการขายสินค้าหรือให้บริการภายใต้สัญญากับหน่วยงานของรัฐซึ่งบริษัทคาดว่าจะได้รับชำระภายในรอบระยะเวลาดำเนินงานตามปกติของบริษัท หรือถึงกำหนดรับชำระภายใน 12 เดือนนับจากวันสิ้นรอบระยะเวลารายงาน 
112071,เงินปันผลค้างรับ,หมายถึง เงินปันผลจากเงินลงทุนที่บริษัทถือในฐานะผู้ถือเงินลงทุน ซึ่งบริษัทมีสิทธิที่จะได้รับและได้รับรู้เป็นรายได้ ซึ่งบริษัทคาดว่าจะได้รับชำระภายในรอบระยะเวลาดำเนินงานตามปกติของบริษัท หรือถึงกำหนดรับชำระภายใน 12 เดือนนับจากวันสิ้นรอบระยะเวลารายงาน
112200,ลูกหนี้ตามสัญญาเช่าส่วนที่ถึงกำหนดชำระภายในหนึ่งปี - สุทธิ,หมายถึง ลูกหนี้ที่เกิดจากสัญญาเช่าซึ่งจะถึงกำหนดรับชำระและบริษัทคาดว่าจะได้รับชำระภายใน 12 เดือนนับจากวันสิ้นรอบระยะเวลารายงาน สุทธิจากค่าเผื่อผลขาดทุนด้านเครดิตที่คาดว่าจะเกิดขึ้น
112300,เงินให้กู้ยืมระยะสั้นและดอกเบี้ยค้างรับ,"หมายถึง เงินให้กู้ยืมระยะสั้นและดอกเบี้ยค้างรับที่มีระยะเวลาการให้กู้ยืมหรือกำหนดรับชำระและบริษัทคาดว่าจะได้รับชำระภายใน 12 เดือนนับจากวันสิ้นรอบระยะเวลารายงาน หรือเงินให้กู้ยืมในลักษณะอื่นใดที่บริษัทคาดว่าจะได้รับชำระภายใน 12 เดือนนับจากวันสิ้นรอบระยะเวลารายงาน สุทธิจากค่าเผื่อผลขาดทุนด้านเครดิตที่คาดว่าจะเกิดขึ้น นอกเหนือจากเลขอ้างอิงที่ 5 11 15 16 และ 17 ที่ได้แยกแสดงตามรายการข้างต้นแล้ว

เงินให้กู้ยืมระยะสั้นและดอกเบี้ยค้างรับ ประกอบด้วยเลขอ้างอิงที่ 19 ถึง 20"
112310,บุคคลหรือกิจการอื่น,หมายถึง เงินให้กู้ยืมระยะสั้นและดอกเบี้ยค้างรับแก่บุคคลหรือกิจการที่ไม่มีความเกี่ยวข้องกัน (อ้างอิงตามคำนิยามของบุคคลหรือกิจการที่เกี่ยวข้องกันตามมาตรฐานการบัญชี ฉบับที่ 24 เรื่อง บุคคลหรือกิจการที่เกี่ยวข้องกัน)
112320,บุคคลหรือกิจการที่เกี่ยวข้องกัน,หมายถึง เงินให้กู้ยืมระยะสั้นและดอกเบี้ยค้างรับแก่บุคคลหรือกิจการที่เกี่ยวข้องกัน (อ้างอิงตามคำนิยามของบุคคลหรือกิจการที่เกี่ยวข้องกันตามมาตรฐานการบัญชี ฉบับที่ 24 เรื่อง บุคคลหรือกิจการที่เกี่ยวข้องกัน)
112400,เงินให้กู้ยืมระยะยาวและดอกเบี้ยค้างรับ - ส่วนที่ถึงกำหนดชำระภายในหนึ่งปี,"หมายถึง เงินให้กู้ยืมระยะยาวและดอกเบี้ยค้างรับเฉพาะส่วนที่มีกำหนดชำระภายใน 12 เดือนนับจากวันสิ้นรอบระยะเวลารายงาน หรือเงินให้กู้ยืมในลักษณะอื่นใดที่บริษัทคาดว่าจะได้รับชำระภายใน 12 เดือนนับจากวันสิ้นรอบระยะเวลารายงาน สุทธิจากค่าเผื่อผลขาดทุนด้านเครดิตที่คาดว่าจะเกิดขึ้น ที่นอกเหนือจากเลขอ้างอิงที่ 5 11 15 16 17 และ 18  

เงินให้กู้ยืมระยะยาวและดอกเบี้ยค้างรับเฉพาะส่วนที่ถึงกำหนดชำระภายในหนึ่งปี ประกอบด้วยเลขอ้างอิงที่ 22 ถึง 23"
112410,บุคคลหรือกิจการอื่น,หมายถึง เงินให้กู้ยืมระยะยาวและดอกเบี้ยค้างรับเฉพาะส่วนที่ถึงกำหนดชำระภายในหนึ่งปีแก่บุคคลหรือกิจการที่ไม่มีความเกี่ยวข้องกัน (อ้างอิงตามคำนิยามของบุคคลหรือกิจการที่เกี่ยวข้องกันตามมาตรฐานการบัญชี ฉบับที่ 24 เรื่อง บุคคลหรือกิจการที่เกี่ยวข้องกัน)
112420,บุคคลหรือกิจการที่เกี่ยวข้องกัน,หมายถึง เงินให้กู้ยืมระยะยาวและดอกเบี้ยค้างรับเฉพาะส่วนที่ถึงกำหนดชำระภายในหนึ่งปีแก่บุคคลหรือกิจการที่เกี่ยวข้องกัน (อ้างอิงตามคำนิยามของบุคคลหรือกิจการที่เกี่ยวข้องกันตามมาตรฐานการบัญชี ฉบับที่ 24 เรื่อง บุคคลหรือกิจการที่เกี่ยวข้องกัน)
112900,สินค้าคงเหลือ - สุทธิ,"หมายถึง สินค้าสำเร็จรูป งานหรือสินค้าระหว่างทำ วัตถุดิบบรรจุภัณฑ์ วัตถุดิบและวัสดุที่ใช้ในการผลิตเพื่อขายหรือให้บริการตามปกติธุรกิจของบริษัท ที่บริษัทยังไม่โอนการควบคุมในสินค้าดังกล่าวให้แก่ลูกค้า โดยแสดงเป็นจำนวนเงินสุทธิจากค่าเผื่อการลดลงในมูลค่า และค่าเผื่อสินค้าล้าสมัยและเสื่อมสภาพ ทั้งนี้ ลักษณะของสินค้าคงเหลือดังกล่าวขึ้นอยู่กับลักษณะการประกอบธุรกิจตามปกติของบริษัท เช่น หากบริษัทอยู่ในธุรกิจก่อสร้างอสังหาริมทรัพย์เพื่อขาย สินค้าคงเหลือดังกล่าวจะรวมถึง ที่ดินระหว่างการพัฒนา ต้นทุนการพัฒนาอสังหาริมทรัพย์ งานระหว่างก่อสร้าง เป็นต้น

สินค้าคงเหลือ - สุทธิ เป็นรายการสุทธิของเลขอ้างอิงที่ 25 ถึง 31"
112910,สินค้าสำเร็จรูป,หมายถึง สินค้าที่บริษัทผลิตเสร็จและพร้อมขาย และ/หรือสินค้าที่บริษัทซื้อมาและถือไว้เพื่อขายต่อ
112920,สินค้าระหว่างทาง,หมายถึง สินค้าที่บริษัทได้รับโอนการควบคุมในสินค้า หรือได้รับโอนความเสี่ยงและผลตอบแทนในฐานะความเป็นเจ้าของแล้ว หรือได้รับกรรมสิทธิ์ในสินค้าดังกล่าวแล้ว แต่สินค้ายังอยู่ในระหว่างกระบวนการขนส่ง
112930,ต้นทุนโครงการพัฒนาอสังหาริมทรัพย์,หมายถึง ต้นทุนการพัฒนาอสังหาริมทรัพย์ที่ยังไม่พร้อมขาย แต่อยู่ระหว่างการดำเนินการหรือก่อสร้างให้แล้วเสร็จ
112940,อสังหาริมทรัพย์รอการขาย,หมายถึง สินค้าที่เป็นอสังหาริมทรัพย์เพื่อขายตามปกติธุรกิจของบริษัท
112950,งานระหว่างทำ,หมายถึง สินค้าที่อยู่ในระหว่างกระบวนการผลิตให้แล้วเสร็จ เพื่อให้เป็นสินค้าสำเร็จรูปเพื่อขาย
112960,วัตถุดิบ อะไหล่และวัสดุสิ้นเปลือง,หมายถึง วัตถุดิบที่ใช้ในการผลิต รวมทั้งวัตถุดิบบรรจุภัณฑ์ และวัสดุสิ้นเปลืองอื่นที่ใช้ในกระบวนการผลิต รวมทั้งอะไหล่ที่ใช้สำหรับเปลี่ยนแทนเครื่องจักรหรืออุปกรณ์หรือสินทรัพย์ถาวรอื่น ที่มีอายุการให้ประโยชน์ไม่เกิน 12 เดือน
112970,หัก ค่าเผื่อการลดมูลค่าของสินค้าคงเหลือ,หมายถึง ค่าเผื่อการลดมูลค่าของสินค้าคงเหลือ ในกรณีที่บริษัทคาดว่ามูลค่าสุทธิที่คาดว่าจะได้รับจะน้อยกว่าต้นทุนของสินค้าคงเหลือ ทั้งนี้ รวมถึงค่าเผื่อสินค้าล้าสมัยและเสื่อมสภาพ ที่บริษัทคาดว่าจะจำหน่ายหรือขายได้ในมูลค่าสุทธิที่ต่ำกว่าราคาทุนของสินค้านั้น ๆ
113000,สินทรัพย์อนุพันธ์ - หมุนเวียน,"หมายถึง มูลค่ายุติธรรมของตราสารอนุพันธ์ หรือส่วนปรับมูลค่าของตราสารอนุพันธ์ที่มีผลสุทธิเป็นกำไรของตราสารอนุพันธ์เพื่อค้า และตราสารอนุพันธ์ที่ถือไว้เพื่อป้องกันความเสี่ยง รวมถึงอนุพันธ์แฝงที่บริษัทรับรู้แยกออกมาจากสัญญาหลัก เฉพาะส่วนที่มีอายุสัญญาคงเหลือไม่เกิน 12 เดือนนับจากวันสิ้นรอบระยะเวลาการรายงาน หรือส่วนที่บริษัทคาดว่าระยะเวลาในการปิดสถานะของตราสารดังกล่าวไม่เกิน 12 เดือนนับจากวันสิ้นรอบระยะเวลารายงาน
 
สินทรัพย์อนุพันธ์ ประกอบด้วยรายการดังต่อไปนี้
1. อนุพันธ์เพื่อค้าและเพื่อป้องกันความเสี่ยง (ไม่ได้เลือกใช้การบัญชีป้องกันความเสี่ยง) หมายถึง ตราสารอนุพันธ์ที่บริษัทถือไว้เพื่อค้า ที่บริษัทถือไว้เพื่อป้องกันความเสี่ยงของบริษัทโดยไม่ได้เลือกปฏิบัติตามการบัญชีป้องกันความเสี่ยง ซึ่งรวมถึงการทำสัญญาอนุพันธ์ที่ทำกับลูกค้า และอนุพันธ์แฝงที่แยกออกจากสัญญาหลักได้ โดยมีลักษณะทุกข้อต่อไปนี้ 
1.1 มูลค่าของอนุพันธ์ดังกล่าวจะผันแปรไปตามอัตราดอกเบี้ย ราคาของตราสารการเงิน ราคาสินค้าโภคภัณฑ์ อัตราแลกเปลี่ยน ดัชนีราคาหรือดัชนีอื่น เช่น อันดับความน่าเชื่อถือ หรือตัวแปรอื่นใด 
1.2 ไม่มีการจ่ายเงินลงทุนสุทธิเมื่อเริ่มแรก หรือจ่ายด้วยจำนวนเพียงเล็กน้อยเมื่อเทียบกับมูลค่าของสัญญาประเภทอื่น ซึ่งมีการตอบสนองในลักษณะเดียวกันของปัจจัยตลาด 
1.3 มีกำหนดการรับหรือการจ่ายชำระในอนาคต

2. อนุพันธ์เพื่อการบัญชีป้องกันความเสี่ยง หมายถึง อนุพันธ์ที่บริษัทถือไว้โดยมีวัตถุประสงค์เพื่อใช้ในการป้องกันความเสี่ยง และบริษัทเลือกปฏิบัติตามวิธีการบัญชีป้องกันความเสี่ยง (ตามที่กำหนดไว้ในมาตรฐานการรายงานทางการเงิน ฉบับที่ 9 เรื่อง เครื่องมือทางการเงิน)"
113100,สินทรัพย์ทางการเงินหมุนเวียนอื่น,"หมายถึง สินทรัพย์ทางการเงินอื่น ๆ ที่คาดว่าจะได้รับชำระภายใน 12 เดือน หรือภายในรอบระยะเวลาการดำเนินงานปกติของบริษัท นอกเหนือจากเลขอ้างอิงที่ 3 ถึง 23 และ เลขอ้างอิงที่ 32

สินทรัพย์ทางการเงินหมุนเวียนอื่น ประกอบด้วยเลขอ้างอิงที่ 34 ถึง 36"
113110,เงินมัดจำ,หมายถึง เงินมัดจำที่บริษัทได้จ่ายชำระตามเงื่อนไขของสัญญา รวมถึงเงินประกันการเช่า ซึ่งบริษัทคาดว่าจะได้รับชำระคืนเป็นเงินสดหรือสินทรัพย์ทางการเงินอื่นภายใน 12 เดือน หรือภายในรอบระยะเวลาการดำเนินงานปกติของบริษัท 
113120,เงินประกันผลงาน,หมายถึง เงินประกันผลงานที่บริษัทถูกหักไว้เพื่อการประกันผลงานตามเงื่อนไขของสัญญา ซึ่งบริษัทคาดว่าจะได้รับชำระคืนภายใน 12 เดือน หรือภายในรอบระยะเวลาการดำเนินงานปกติของบริษัท
113190,สินทรัพย์ทางการเงินหมุนเวียนอื่น - อื่น ๆ,หมายถึง สินทรัพย์ทางการเงินอื่น ๆ ที่คาดว่าจะได้รับชำระภายใน 12 เดือน หรือภายในรอบระยะเวลาการดำเนินงานปกติของบริษัท นอกเหนือจากเลขอ้างอิงที่ 34 ถึง 35 เช่น ลูกหนี้จากการปรับโครงสร้างหนี้ (ยกเว้นกรณีที่บริษัทสามารถระบุประเภทของลูกหนี้จากการปรับโครงสร้าหนี้ได้ เช่น ลูกหนี้การค้า ลูกหนี้หมุนเวียนอื่น หรือเงินให้กู้ยืม ที่จะจัดประเภทเป็นสินทรัพย์รายการนั้น ๆ) ลูกหนี้จากการขายเงินลงทุน ค่าหุ้นค้างรับ เป็นต้น
113200,สินทรัพย์ที่เกิดจากสัญญา - หมุนเวียน,หมายถึง สิทธิที่บริษัทจะได้รับค่าตอบแทนเป็นการแลกเปลี่ยนกับสินค้าหรือบริการซึ่งบริษัทได้โอนการควบคุมในสินค้าหรือบริการให้กับลูกค้าแล้ว โดยสิทธิดังกล่าวเป็นสิทธิที่มีเงื่อนไข (ไม่เข้าเงื่อนไขของการเป็นสิทธิอันปราศจากเงื่อนไขตามที่กำหนดไว้ในรายการลูกหนี้การค้าข้างต้น) กล่าวคือ ยังมีเงื่อนไขบางประการ นอกจากเงื่อนไขเวลา เช่น บริษัทต้องปฏิบัติให้เสร็จสิ้นตามผลการปฏิบัติงานในอนาคตเพื่อให้เข้าเงื่อนไขการจ่ายชำระตามสัญญา (Milestone payments) หรือยังไม่ถึงกำหนดเรียกชำระเงินจากลูกค้าตามขั้นความสำเร็จของงาน เป็นต้น ทั้งนี้ รวมถึงรายได้ค้างรับ เฉพาะส่วนหมุนเวียนคือคาดว่าจะได้รับชำระภายในระยะเวลา 12 เดือน หรือภายในรอบระยะเวลาการดำเนินงานปกติของบริษัท
113300,สินทรัพย์ชีวภาพ - หมุนเวียน,หมายถึง สัตว์หรือพืชที่มีชีวิต ที่บริษัทคาดว่าจะได้รับประโยชน์ หรือตั้งใจจะขายภายใน12 เดือนนับจากวันสิ้นรอบระยะเวลารายงาน หรือภายในรอบระยะเวลาการดำเนินการตามปกติของบริษัท 
114500,ภาษีเงินได้นิติบุคคลค้างรับ - หมุนเวียน,หมายถึง จำนวนภาษีเงินได้นิติบุคคลที่บริษัทสามารถขอคืนได้และคาดว่าจะได้คืน หรือจะได้รับประโยชน์เป็นเครดิตทางภาษี (สุทธิจากภาษีเงินได้นิติบุคคลค้างจ่ายในรอบระยะเวลาเดียวกัน) ภายในระยะเวลา 12 เดือนนับจากวันสิ้นรอบระยะเวลารายงาน
115000,ลูกหนี้ที่เกิดจากภาษีอื่นหรือรายการอื่นภายใต้กฎหมาย - หมุนเวียน,"หมายถึง ลูกหนี้ที่เกิดจากภาษีอื่นหรือรายการอื่นภายใต้กฎหมายซึ่งบังคับใช้กับบริษัท ที่บริษัทสามารถขอคืนได้และคาดว่าจะได้คืน หรือจะได้รับประโยชน์เป็นเครดิตทางภาษี ภายในระยะเวลา 12 เดือนนับจากวันสิ้นรอบระยะเวลารายงาน ที่นอกเหนือจากเลขอ้างอิงที่ 39

ลูกหนี้ที่เกิดจากภาษีอื่นหรือรายการอื่นภายใต้กฎหมาย - หมุนเวียน ประกอบด้วยเลขอ้างอิงที่ 41 ถึง 44"
115010,ลูกหนี้ภาษีค้างรับ,หมายถึง ค่าภาษีหรืออากรค้างรับหรือเครดิตทางภาษีที่จะได้รับจากหน่วยงานจัดเก็บ เช่น ภาษีมูลค่าเพิ่มรอขอคืน ภาษีสรรพสามิต เครดิตอากรนำเข้าจากกรมศุลกากร ที่บริษัทคาดว่าจะได้รับชำระคืนหรือได้รับประโยชน์ภายในระยะเวลา 12 เดือนนับจากวันสิ้นรอบระยะเวลารายงาน
115020,ลูกหนี้กองทุนน้ำมันเชื้อเพลิง,หมายถึง ลูกหนี้เงินชดเชยและ/หรือเงินคืนจากกองทุนน้ำมันเชื้อเพลิงตามพระราชบัญญัติกองทุนน้ำมันเชื้อเพลิง ซึ่งจะถึงกำหนดรับชำระภายใน 12 เดือนนับจากวันสิ้นรอบระยะเวลารายงาน
115030,ลูกหนี้กองทุนพัฒนาไฟฟ้า,หมายถึง ลูกหนี้เงินชดเชยและ/หรือเงินอุดหนุนจากกองทุนพัฒนาไฟฟ้าตามพระราชบัญญัติการประกอบกิจการพลังงาน ซึ่งจะถึงกำหนดรับชำระภายใน 12 เดือนนับจากวันสิ้นรอบระยะเวลารายงาน
115090,ลูกหนี้ที่เกิดจากภาษีอื่นหรือรายการอื่นภายใต้กฎหมาย - อื่น ๆ,หมายถึง ลูกหนี้ที่เกิดจากภาษีอื่นหรือรายการอื่นภายใต้กฎหมายซึ่งบังคับใช้กับบริษัท  โดยจะถึงกำหนดรับชำระภายใน 12 เดือนนับจากวันสิ้นรอบระยะเวลารายงาน นอกเหนือจากเลขอ้างอิงที่ 41 ถึง 43
114700,สินทรัพย์ไม่หมุนเวียน และ/หรือ กลุ่มสินทรัพย์ที่ยกเลิกซึ่งถือไว้เพื่อขาย,หมายถึง สินทรัพย์ไม่หมุนเวียน (หรือกลุ่มสินทรัพย์ไม่หมุนเวียน) ที่บริษัทตั้งใจจะจำหน่ายภายในระยะเวลา 12 เดือน ที่เข้าเงื่อนไขการจัดประเภทเป็นสินทรัพย์ไม่หมุนเวียนที่ถือไว้เพื่อขาย ทั้งนี้ รวมถึงสินทรัพย์ไม่หมุนเวียน (หรือกลุ่มสินทรัพย์ที่จะจำหน่าย) ที่จัดประเภทเป็นสินทรัพย์ที่ถือไว้เพื่อจ่ายคืนให้แก่ผู้เป็นเจ้าของ
114800,สินทรัพย์ดิจิทัล - หมุนเวียน,หมายถึง สินทรัพย์ดิจิทัลที่บริษัทคาดว่าจะได้รับชำระ หรือสามารถเปลี่ยนไปเป็นสินทรัพย์ทางการเงินอื่นได้ภายในระยะเวลา 12 เดือน ทั้งนี้ การได้รับชำระอาจเป็นการได้รับสินค้าหรือบริการในอนาคต เช่น สกุลเงินดิจิทัล (Cryptocurrency หรือ Digital currency) ซึ่งเป็นสื่อกลางในการแลกเปลี่ยนที่ต้องใช้วิทยาการเข้ารหัสลับเป็นการรับประกันการทำธุรกรรม หรือ เหรียญดิจิทัล (Digital token) ซึ่งสินทรัพย์ดังกล่าวอาจไม่สามารถนำไปชำระหนี้สินได้ตามกฎหมาย หรือไม่อาจรับประกันในสภาพคล่องได้ อีกทั้งมูลค่าของสินทรัพย์ดิจิทัลดังกล่าวอาจมีความผันผวนและมีความไม่แน่นอน
119900,สินทรัพย์หมุนเวียนอื่น,"หมายถึง สินทรัพย์หมุนเวียนอื่น นอกเหนือจากเลขอ้างอิงที่ 3 ถึง 46

สินทรัพย์หมุนเวียนอื่น ประกอบด้วยเลขอ้างอิงที่ 48 ถึง 50"
119910,ค่าใช้จ่ายจ่ายล่วงหน้า,หมายถึง ค่าใช้จ่ายที่บริษัทจ่ายล่วงหน้าเพื่อบริการที่บริษัทคาดว่าจะได้รับประโยชน์ภายใน 12 เดือนนับจากวันสิ้นรอบระยะเวลารายงาน
119920,เงินจ่ายล่วงหน้าค่าซื้อสินทรัพย์,หมายถึง ค่าใช้จ่ายที่บริษัทจ่ายล่วงหน้าเพื่อซื้อสินค้าหรือสินทรัพย์หมุนเวียนอื่นที่บริษัทคาดว่าจะได้รับประโยชน์ภายใน 12 เดือนนับจากวันสิ้นรอบระยะเวลารายงาน
119990,สินทรัพย์หมุนเวียนอื่น - อื่น ๆ,หมายถึง สินทรัพย์หมุนเวียนอื่นประเภทอื่น ๆ นอกเหนือจากเลขอ้างอิงที่ 48 ถึง 49
119999,รวมสินทรัพย์หมุนเวียน,รวมสินทรัพย์หมุนเวียน เป็นผลรวมของเลขอ้างอิงที่ 3 ถึง 50
120000,สินทรัพย์ไม่หมุนเวียน,สินทรัพย์ไม่หมุนเวียน ประกอบด้วยเลขอ้างอิงที่ 53 ถึง 106
120300,เงินฝากสถาบันการเงินที่มีข้อจำกัดในการใช้ - ไม่หมุนเวียน,หมายถึง เงินฝากสถาบันการเงินทุกประเภทที่มีข้อจำกัดในการนำไปใช้ เช่น เงินฝากประจำหรือเงินฝากออมทรัพย์ที่ใช้เป็นหลักประกันเงินกู้ซึ่งไม่สามารถนำไปใช้ได้อย่างไม่มีเงื่อนไข ในส่วนที่บริษัทคาดว่าข้อจำกัดดังกล่าวจะหมดไปในระยะเวลาเกินกว่า 12 เดือนนับจากวันสิ้นรอบระยะเวลารายงาน
122000,ลูกหนี้การค้าและลูกหนี้ไม่หมุนเวียนอื่น - สุทธิ,"หมายถึง ลูกหนี้การค้าและลูกหนี้อื่นซึ่งบริษัทคาดว่าจะได้รับชำระเกินกว่ารอบระยะเวลาดำเนินงานตามปกติของบริษัท หรือถึงกำหนดรับชำระเกินกว่า 12 เดือนนับจากวันสิ้นรอบระยะเวลารายงาน สุทธิจากค่าเผื่อผลขาดทุนด้านเครดิตที่คาดว่าจะเกิดขึ้น ประกอบด้วยรายการดังต่อไปนี้ 
1. ลูกหนี้การค้า หมายถึง สิทธิของบริษัทโดยปราศจากเงื่อนไขที่มีต่อสิ่งตอบแทนยกเว้นเงื่อนไขการจ่ายชำระสิ่งตอบแทนที่เป็นไปตามกำหนดเวลาที่ผ่านไป สิทธิต่อสิ่งตอบแทนนั้นถือเป็นสิทธิที่ปราศจากเงื่อนไข เช่น เงินที่ลูกค้าค้างชำระค่าสินค้าหรือค่าบริการที่บริษัทได้ส่งมอบสินค้าหรือให้บริการเสร็จสิ้นแล้ว เหลือเพียงแต่ระยะเวลาการจ่ายชำระตามกำหนดเวลาสินเชื่อ (Credit term) เท่านั้น รวมทั้งลูกหนี้ตามตั๋วเงินรับอันเกิดจากค่าสินค้าหรือบริการดังกล่าว 
2. ลูกหนี้อื่น หมายถึง ลูกหนี้อื่นที่ไม่ใช่ลูกหนี้การค้า เช่น เงินทดรองจ่าย ลูกหนี้จากการขายสินทรัพย์ถาวร ลูกหนี้ตามสัญญาโอนสิทธิ เป็นต้น

ลูกหนี้การค้าและลูกหนี้ไม่หมุนเวียนอื่น - สุทธิ เป็นรายการสุทธิของเลขอ้างอิงที่ 55 ถึง 57"
122010,บุคคลหรือกิจการอื่น,หมายถึง ลูกหนี้การค้าและลูกหนี้ไม่หมุนเวียนอื่นที่เป็นรายการกับบุคคลหรือกิจการที่ไม่มีความเกี่ยวข้องกัน (อ้างอิงตามคำนิยามของบุคคลหรือกิจการที่เกี่ยวข้องกันตามมาตรฐานการบัญชี ฉบับที่ 24 เรื่อง บุคคลหรือกิจการที่เกี่ยวข้องกัน)
122020,บุคคลหรือกิจการที่เกี่ยวข้องกัน,หมายถึง ลูกหนี้การค้าและลูกหนี้ไม่หมุนเวียนอื่นที่เป็นรายการกับบุคคลหรือกิจการที่เกี่ยวข้องกัน (อ้างอิงตามคำนิยามของบุคคลหรือกิจการที่เกี่ยวข้องกันตามมาตรฐานการบัญชี ฉบับที่ 24 เรื่อง บุคคลหรือกิจการที่เกี่ยวข้องกัน)
123140,ลูกหนี้ไม่หมุนเวียนอื่น,หมายถึง ลูกหนี้ไม่หมุนเวียนอื่นที่นอกเหนือจากเลขอ้างอิงที่ 55 ถึง 56 เช่น เงินทดรองจ่าย ลูกหนี้จากการขายสินทรัพย์ถาวร ลูกหนี้ตามสัญญาโอนสิทธิ ที่บริษัทสามารถขอคืนได้และคาดว่าจะได้คืนเกินกว่า 12 เดือนนับจากวันสิ้นรอบระยะเวลารายงาน
122110,ลูกหนี้ภายใต้สัญญากับหน่วยงานของรัฐ - ไม่หมุนเวียน,หมายถึง ลูกหนี้จากการขายสินค้าหรือให้บริการภายใต้สัญญากับหน่วยงานของรัฐซึ่งบริษัทคาดว่าจะได้รับชำระเกินกว่ารอบระยะเวลาดำเนินงานตามปกติของบริษัท หรือถึงกำหนดรับชำระเกินกว่า 12 เดือนนับจากวันสิ้นรอบระยะเวลารายงาน 
122200,ลูกหนี้ตามสัญญาเช่าส่วนที่ถึงกำหนดชำระเกินกว่าหนึ่งปี - สุทธิ,หมายถึง ลูกหนี้จากสัญญาเช่าซึ่งบริษัทคาดว่าจะได้รับชำระเกินกว่ารอบระยะเวลาดำเนินงานตามปกติของบริษัท หรือถึงกำหนดรับชำระเกินกว่า 12 เดือนนับจากวันสิ้นรอบระยะเวลารายงาน สุทธิจากค่าเผื่อผลขาดทุนด้านเครดิตที่คาดว่าจะเกิดขึ้น
121600,เงินลงทุนระยะยาว - สุทธิ,"หมายถึง เงินลงทุนในตราสารหนี้และตราสารทุนต่าง ๆ ซึ่งบริษัทคาดว่าจะถือครองเกินกว่า 12 เดือน ทั้งนี้ ไม่รวมถึงเงินลงทุนในบริษัทย่อย บริษัทร่วม และการร่วมค้า โดยแสดงมูลค่าสุทธิหลังจากบวกหรือหักค่าเผื่อการปรับมูลค่ายุติธรรม และ/หรือ ค่าเผื่อผลขาดทุนด้านเครดิตที่คาดว่าจะเกิดขึ้นของเงินลงทุน 

เงินลงทุนตามรายการดังกล่าวข้างต้น รวมถึงเงินลงทุนในตราสารดังต่อไปนี้
1. ตราสารหนี้ (Debt securities) ประกอบด้วยรายการดังต่อไปนี้
1.1 หลักทรัพย์รัฐบาลและรัฐวิสาหกิจ (Government and state enterprises securities) หมายถึง ตั๋วเงินคลัง พันธบัตร หรือตราสารอื่นที่ออกโดยรัฐบาลไทยและรัฐบาลต่างประเทศ องค์การบริหารราชการส่วนท้องถิ่นและจังหวัด หุ้นกู้ พันธบัตรหรือตราสารอื่นที่องค์การของรัฐ รัฐวิสาหกิจ หรือนิติบุคคลที่มีกฎหมายเฉพาะจัดตั้งขึ้นเป็นผู้ออก
1.2 ตราสารหนี้ภาคเอกชน (Private enterprises debt securities) หมายถึง หุ้นกู้ ตั๋วแลกเงิน ตั๋วสัญญาใช้เงิน และตราสารแห่งหนี้อื่นใด ที่ออกโดยสถาบันการเงินหรือธุรกิจอื่นทั้งในและต่างประเทศที่มีลักษณะเป็นการระดมทุนหรือคล้ายหุ้นกู้ตามที่สำนักงานคณะกรรมการกำกับหลักทรัพย์และตลาดหลักทรัพย์กำหนด
1.3 ตราสารหนี้อื่น (Other debt securities) หมายถึง เงินฝากประจำและบัตรเงินฝากที่มีอายุเกิน 12 เดือนนับจากวันที่ได้มา และตราสารหนี้อื่นที่มิได้กล่าวไว้ในรายการข้างต้น

2. ตราสารทุน (Equity securities) ประกอบด้วยรายการดังต่อไปนี้
2.1 ตราสารทุนในความต้องการของตลาด (Marketable equity securities) หมายถึง หลักทรัพย์ที่มีการซื้อขายในตลาดซื้อขายคล่องทั้งในประเทศและต่างประเทศ
2.2 ตราสารทุนที่ไม่อยู่ในความต้องการของตลาด (Non-marketable equity securities) หมายถึง หลักทรัพย์ที่ไม่มีการซื้อขายในตลาดซื้อขายคล่องทั้งในประเทศและต่างประเทศ
2.3 หลักทรัพย์อื่น (Other equity securities) หมายถึง ตราสารทุนอื่นที่มิได้กล่าวไว้ในรายการข้างต้น

3. เครื่องมือทางการเงินผสม (Compound financial instruments) ที่มีลักษณะของทั้งตราสารหนี้และตราสารทุน เช่น หุ้นกู้แปลงสภาพ ที่ผู้ถือหุ้นกู้มีสิทธิในการแปลงสภาพจากหนี้ (หุ้นกู้) เป็นทุน (ตราสารทุนของกิจการผู้ออก) ได้

เงินลงทุนระยะยาว - สุทธิ ประกอบด้วยเลขอ้างอิงที่ 61 ถึง 65"
121610,เงินลงทุนในตราสารหนี้ที่วัดมูลค่าด้วยมูลค่ายุติธรรมผ่านกำไรขาดทุน,หมายถึง เงินลงทุนในตราสารหนี้ซึ่งบริษัทคาดว่าจะถือครองเกิน 12 เดือนที่บริษัทถือไว้เพื่อค้า (Held for trading) หรือเงินลงทุนในตราสารหนี้ที่ไม่ผ่านเงื่อนไขการจ่ายชำระเงินต้นและดอกเบี้ย (Solely payments of principal and interest หรือ SPPI test) คือกระแสเงินสดที่บริษัทได้รับไม่ได้มีเพียงองค์ประกอบของเงินต้นและดอกเบี้ยเท่านั้น แต่มีองค์ประกอบอื่นด้วย เช่น หุ้นกู้แปลงสภาพ ตราสารหนี้ที่ผลตอบแทนอ้างอิงจากดัชนีหุ้น เป็นต้น หรือเงินลงทุนในตราสารหนี้ที่บริษัทเลือกที่จะวัดมูลค่าด้วยวิธีมูลค่ายุติธรรมผ่านกำไรขาดทุน เช่น เพื่อขจัดหรือลดความไม่สอดคล้องกันในการวัดมูลค่าของสินทรัพย์ทางการเงินและหนี้สินทางการเงินของรายการที่เกี่ยวข้องกัน (Accounting mismatch)
121620,เงินลงทุนในตราสารหนี้ที่วัดมูลค่าด้วยมูลค่ายุติธรรมผ่านกำไรขาดทุนเบ็ดเสร็จอื่น - สุทธิ,หมายถึง เงินลงทุนในตราสารหนี้ซึ่งบริษัทคาดว่าจะถือครองเกิน 12 เดือนที่บริษัทถือไว้เพื่อทั้งรับชำระกระแสเงินสดจากเงินต้นและดอกเบี้ยและถือไว้เผื่อขาย (Held to collect and sell) ซึ่งตราสารหนี้ที่บริษัทไปลงทุนดังกล่าวจะต้องผ่านเงื่อนไขการจ่ายชำระด้วยเงินต้นและดอกเบี้ย (Solely payments of principal and interest หรือ SPPI test) คือ เงินสดที่จะได้รับชำระจะต้องมีเพียงองค์ประกอบของเงินต้นและดอกเบี้ยเท่านั้นและถือไว้เผื่อขาย โดยแสดงมูลค่าสุทธิหลังจากหักค่าเผื่อผลขาดทุนด้านเครดิตที่คาดว่าจะเกิดขึ้นของเงินลงทุน 
121630,เงินลงทุนในตราสารหนี้ที่วัดมูลค่าด้วยราคาทุนตัดจำหน่าย - สุทธิ,หมายถึง เงินลงทุนในตราสารหนี้ซึ่งบริษัทคาดว่าจะถือครองเกิน 12 เดือนที่บริษัทถือไว้เพื่อรับชำระกระแสเงินสดจากเงินต้นและดอกเบี้ย (Held to collect) ซึ่งตราสารหนี้ที่บริษัทไปลงทุนดังกล่าวจะต้องผ่านเงื่อนไขการจ่ายชำระด้วยเงินต้นและดอกเบี้ย (Solely payments of principal and interest หรือ SPPI test) คือ เงินสดที่จะได้รับชำระจะต้องมีเพียงองค์ประกอบของเงินต้นและดอกเบี้ยเท่านั้น โดยแสดงมูลค่าสุทธิหลังจากหักค่าเผื่อผลขาดทุนด้านเครดิตที่คาดว่าจะเกิดขึ้นของเงินลงทุน 
121640,เงินลงทุนในตราสารทุนที่วัดมูลค่าด้วยมูลค่ายุติธรรมผ่านกำไรขาดทุน,หมายถึง เงินลงทุนในตราสารทุนซึ่งบริษัทคาดว่าจะถือครองเกิน 12 เดือนที่บริษัทไม่มีอำนาจในการควบคุม และไม่มีอิทธิพลอย่างเป็นสาระสำคัญ และไม่มีอำนาจควบคุมร่วม โดยบริษัทเลือกวัดมูลค่าเงินลงทุนในตราสารทุนดังกล่าวด้วยมูลค่ายุติธรรมผ่านกำไรขาดทุน
121650,เงินลงทุนในตราสารทุนที่กำหนดให้วัดมูลค่าด้วยมูลค่ายุติธรรมผ่านกำไรขาดทุนเบ็ดเสร็จอื่น,หมายถึง เงินลงทุนในตราสารทุนซึ่งบริษัทคาดว่าจะถือครองเกิน 12 เดือนที่บริษัทไม่มีอำนาจในการควบคุม และไม่มีอิทธิพลอย่างเป็นสาระสำคัญ และไม่มีอำนาจควบคุมร่วม โดยบริษัทเลือกวัดมูลค่าเงินลงทุนในตราสารทุนดังกล่าวด้วยมูลค่ายุติธรรมผ่านกำไรขาดทุนเบ็ดเสร็จอื่น
122600,เงินลงทุนในบริษัทย่อย บริษัทร่วม และการร่วมค้า ที่บันทึกโดยวิธีส่วนได้เสีย - สุทธิ,"หมายถึง รายการดังต่อไปนี้
1. เงินลงทุนในบริษัทย่อย หมายถึง เงินลงทุนที่บริษัทมีอำนาจควบคุมในกิจการผู้ถูกลงทุนนั้น
2. เงินลงทุนในบริษัทร่วม หมายถึง เงินลงทุนที่บริษัทมีอิทธิพลอย่างมีนัยสำคัญในกิจการผู้ถูกลงทุนนั้น แต่ไม่ถึงกับมีอำนาจควบคุมหรือมีการควบคุมร่วม
3. เงินลงทุนในการร่วมค้า หมายถึง เงินลงทุนที่บริษัทมีอำนาจควบคุมร่วมในกิจการผู้ถูกลงทุนนั้น  โดยบริษัทมีสิทธิในสินทรัพย์สุทธิของการร่วมการงานนั้น

ทั้งนี้ เฉพาะส่วนของเงินลงทุนที่บันทึกด้วยวิธีส่วนได้เสีย (Equity method) สุทธิจากค่าเผื่อการด้อยค่าเท่านั้น

เงินลงทุนในบริษัทย่อย บริษัทร่วม และการร่วมค้า ที่บันทึกโดยวิธีส่วนได้เสีย - สุทธิ เป็นรายการสุทธิของเลขอ้างอิงที่ 67 ถึง 69"
122610,เงินลงทุนในบริษัทย่อย,หมายถึง เงินลงทุนที่บริษัทมีอำนาจควบคุมในกิจการผู้ถูกลงทุนนั้น ที่บันทึกด้วยวิธีส่วนได้เสีย (Equity method) สุทธิจากค่าเผื่อการด้อยค่า
122620,เงินลงทุนในบริษัทร่วม,หมายถึง เงินลงทุนที่บริษัทมีอิทธิพลอย่างมีนัยสำคัญในกิจการผู้ถูกลงทุนนั้น แต่ไม่ถึงกับมีอำนาจควบคุมหรือมีการควบคุมร่วม ที่บันทึกด้วยวิธีส่วนได้เสีย (Equity method) สุทธิจากค่าเผื่อการด้อยค่า
122630,เงินลงทุนในการร่วมค้า,หมายถึง เงินลงทุนที่บริษัทมีอำนาจควบคุมร่วมในกิจการผู้ถูกลงทุนนั้น โดยบริษัทมีสิทธิในสินทรัพย์สุทธิของการร่วมการงานนั้น ที่บันทึกด้วยวิธีส่วนได้เสีย (Equity method) สุทธิจากค่าเผื่อการด้อยค่า
122700,เงินลงทุนในบริษัทย่อย บริษัทร่วม และการร่วมค้า ที่บันทึกด้วยวิธีอื่น - สุทธิ,"หมายถึง รายการดังต่อไปนี้
1. เงินลงทุนในบริษัทย่อย หมายถึง เงินลงทุนที่บริษัทมีอำนาจควบคุมในกิจการผู้ถูกลงทุนนั้น
2. เงินลงทุนในบริษัทร่วม หมายถึง เงินลงทุนที่บริษัทมีอิทธิพลอย่างมีนัยสำคัญในกิจการผู้ถูกลงทุนนั้น แต่ไม่ถึงกับมีอำนาจควบคุมหรือมีการควบคุมร่วม
3. เงินลงทุนในการร่วมค้า หมายถึง เงินลงทุนที่บริษัทมีอำนาจควบคุมร่วมในกิจการผู้ถูกลงทุนนั้น โดยบริษัทมีสิทธิในสินทรัพย์สุทธิของการร่วมการงานนั้น

ทั้งนี้ เฉพาะส่วนของเงินลงทุนที่บันทึกบัญชีด้วยวิธีราคาทุนสุทธิจากค่าเผื่อการด้อยค่า และ/หรือ วิธีมูลค่ายุติธรรมเท่านั้น

เงินลงทุนในบริษัทย่อย บริษัทร่วม และการร่วมค้า อื่น ๆ - สุทธิ เป็นรายการสุทธิของเลขอ้างอิงที่ 71 ถึง 73"
122710,เงินลงทุนในบริษัทย่อย,หมายถึง เงินลงทุนที่บริษัทมีอำนาจควบคุมในกิจการผู้ถูกลงทุนนั้น ที่บันทึกบัญชีด้วยวิธีราคาทุนสุทธิจากค่าเผื่อการด้อยค่า และ/หรือ วิธีมูลค่ายุติธรรม
122720,เงินลงทุนในบริษัทร่วม,หมายถึง เงินลงทุนที่บริษัทมีอิทธิพลอย่างมีนัยสำคัญในกิจการผู้ถูกลงทุนนั้น แต่ไม่ถึงกับมีอำนาจควบคุมหรือมีการควบคุมร่วม ที่บันทึกบัญชีด้วยวิธีราคาทุนสุทธิจากค่าเผื่อการด้อยค่า และ/หรือ วิธีมูลค่ายุติธรรม
122730,เงินลงทุนในการร่วมค้า,หมายถึง เงินลงทุนที่บริษัทมีอำนาจควบคุมร่วมในกิจการผู้ถูกลงทุนนั้น โดยบริษัทมีสิทธิในสินทรัพย์สุทธิของการร่วมการงานนั้น ที่บันทึกบัญชีด้วยวิธีราคาทุนสุทธิจากค่าเผื่อการด้อยค่า และ/หรือ วิธีมูลค่ายุติธรรม
122400,เงินให้กู้ยืมระยะยาวและดอกเบี้ยค้างรับ - ส่วนที่ถึงกำหนดชำระเกินกว่าหนึ่งปี,"หมายถึง เงินให้กู้ยืมระยะยาวและดอกเบี้ยค้างรับเฉพาะส่วนที่มีกำหนดชำระเกินกว่า 12 เดือนนับจากวันสิ้นรอบระยะเวลารายงาน หรือเงินให้กู้ยืมในลักษณะอื่นใดที่บริษัทคาดว่าจะได้รับชำระเกินกว่า 12 เดือนนับจากวันสิ้นรอบระยะเวลารายงาน สุทธิจากค่าเผื่อผลขาดทุนด้านเครดิตที่คาดว่าจะเกิดขึ้น ที่นอกเหนือจากเลขอ้างอิงที่ 53 54 58 59 และ 60 ที่ได้แยกแสดงตามรายการข้างต้นแล้ว

เงินให้กู้ยืมระยะยาวและดอกเบี้ยค้างรับ - ส่วนที่ถึงกำหนดชำระเกินกว่าหนึ่งปี ประกอบด้วยเลขอ้างอิงที่ 75 ถึง 76"
122410,บุคคลหรือกิจการอื่น,หมายถึง เงินให้กู้ยืมระยะยาวและดอกเบี้ยค้างรับส่วนที่ถึงกำหนดชำระเกินกว่า 12 เดือน แก่บุคคลหรือกิจการที่ไม่มีความเกี่ยวข้องกัน (อ้างอิงตามคำนิยามของบุคคลหรือกิจการที่เกี่ยวข้องกันตามมาตรฐานการบัญชี ฉบับที่ 24 เรื่อง บุคคลหรือกิจการที่เกี่ยวข้องกัน)
122420,บุคคลหรือกิจการที่เกี่ยวข้องกัน,หมายถึง เงินให้กู้ยืมระยะยาวและดอกเบี้ยค้างรับส่วนที่ถึงกำหนดชำระเกินกว่า 12 เดือน แก่บุคคลหรือกิจการที่เกี่ยวข้องกัน (อ้างอิงตามคำนิยามของบุคคลหรือกิจการที่เกี่ยวข้องกันตามมาตรฐานการบัญชี ฉบับที่ 24 เรื่อง บุคคลหรือกิจการที่เกี่ยวข้องกัน)
123000,สินทรัพย์อนุพันธ์ - ไม่หมุนเวียน,"หมายถึง มูลค่ายุติธรรมของตราสารอนุพันธ์ หรือส่วนปรับมูลค่าของตราสารอนุพันธ์ที่มีผลสุทธิเป็นกำไรของตราสารอนุพันธ์เพื่อค้าและตราสารอนุพันธ์ที่ถือไว้เพื่อป้องกันความเสี่ยง รวมถึงอนุพันธ์แฝงที่บริษัทรับรู้แยกออกมาจากสัญญาหลัก เฉพาะส่วนที่มีอายุสัญญาคงเหลือหรือส่วนที่บริษัทคาดว่าจะมีระยะเวลาในการปิดสถานะเกินกว่า 12 เดือนนับจากวันสิ้นรอบระยะเวลารายงาน

สินทรัพย์อนุพันธ์ ประกอบด้วยรายการดังต่อไปนี้
1. อนุพันธ์เพื่อค้าและเพื่อป้องกันความเสี่ยง (ไม่ได้เลือกใช้การบัญชีป้องกันความเสี่ยง) หมายถึง ตราสารอนุพันธ์ที่บริษัทถือไว้เพื่อค้า ที่บริษัทถือไว้เพื่อป้องกันความเสี่ยงของบริษัทโดยไม่ได้เลือกปฏิบัติตามการบัญชีป้องกันความเสี่ยง ซึ่งรวมถึงการทำสัญญาอนุพันธ์ที่กับลูกค้า และอนุพันธ์แฝงที่แยกออกจากสัญญาหลักได้ โดยมีลักษณะทุกข้อต่อไปนี้ 
1.1 มูลค่าของอนุพันธ์ดังกล่าวจะผันแปรไปตามอัตราดอกเบี้ย ราคาของตราสารการเงิน ราคาสินค้าโภคภัณฑ์ อัตราแลกเปลี่ยน ดัชนีราคาหรือดัชนีอื่น เช่น อันดับความน่าเชื่อถือ หรือตัวแปรอื่นใด 
1.2 ไม่มีการจ่ายเงินลงทุนสุทธิเมื่อเริ่มแรก หรือจ่ายด้วยจำนวนเพียงเล็กน้อยเมื่อเทียบกับมูลค่าของสัญญาประเภทอื่น ซึ่งมีการตอบสนองในลักษณะเดียวกันของปัจจัยตลาด 
1.3 มีกำหนดการรับหรือการจ่ายชำระในอนาคต

2. อนุพันธ์เพื่อการบัญชีป้องกันความเสี่ยง หมายถึง อนุพันธ์ที่บริษัทถือไว้โดยมีวัตถุประสงค์เพื่อใช้ในการป้องกันความเสี่ยง และบริษัทเลือกปฏิบัติตามวิธีการบัญชีป้องกันความเสี่ยง (ตามที่กำหนดไว้ในมาตรฐานการรายงานทางการเงิน ฉบับที่ 9 เรื่อง เครื่องมือทางการเงิน)"
123100,สินทรัพย์ทางการเงินไม่หมุนเวียนอื่น,"หมายถึง สินทรัพย์ทางการเงินอื่น ๆ ที่บริษัทคาดว่าจะได้รับชำระเป็นระยะเวลาเกินกว่า 12 เดือน หรือเกินกว่ารอบระยะเวลาการดำเนินงานปกติของบริษัท นอกเหนือจากเลขอ้างอิงที่ 53 ถึง 77

สินทรัพย์ทางการเงินไม่หมุนเวียนอื่น ประกอบด้วยเลขอ้างอิงที่ 79 ถึง 81"
123110,เงินมัดจำ,หมายถึง เงินมัดจำที่บริษัทได้จ่ายชำระตามเงื่อนไขของสัญญา รวมถึงเงินประกันการเช่า ซึ่งบริษัทคาดว่าจะได้รับชำระคืนเป็นเงินสดหรือสินทรัพย์ทางการเงินอื่นเกินกว่า 12 เดือน หรือเกินกว่ารอบระยะเวลาการดำเนินงานปกติของบริษัท
123120,เงินประกันผลงาน,หมายถึง เงินประกันผลงานที่บริษัทถูกหักไว้เพื่อการประกันผลงานตามเงื่อนไขของสัญญา ซึ่ง บริษัทคาดว่าจะได้รับชำระคืนเป็นระยะเวลาเกินกว่า 12 เดือน หรือเกินกว่ารอบระยะเวลาการดำเนินงานปกติของบริษัท
123190,สินทรัพย์ทางการเงินไม่หมุนเวียนอื่น - อื่น ๆ,หมายถึง สินทรัพย์ทางการเงินอื่น ๆ ที่คาดว่าจะได้รับชำระเป็นระยะเวลาเกินกว่า 12 เดือน หรือเกินกว่ารอบระยะเวลาการดำเนินงานปกติของบริษัท นอกเหนือจากเลขอ้างอิงที่ 79 ถึง 80 เช่น ลูกหนี้จากการปรับโครงสร้างหนี้ (ยกเว้นกรณีที่บริษัทสามารถระบุประเภทของลูกหนี้จากการปรับโครงสร้าหนี้ได้ เช่น ลูกหนี้การค้า ลูกหนี้หมุนเวียนอื่น หรือเงินให้กู้ยืม ที่จะจัดประเภทเป็นสินทรัพย์รายการนั้น ๆ) ลูกหนี้จากการขายเงินลงทุน ค่าหุ้นค้างรับ เป็นต้น
123200,สินทรัพย์ที่เกิดจากสัญญา - ไม่หมุนเวียน,หมายถึง สิทธิที่บริษัทจะได้รับค่าตอบแทนเป็นการแลกเปลี่ยนกับสินค้าหรือบริการซึ่งบริษัทได้โอนการควบคุมในสินค้าหรือบริการให้กับลูกค้าแล้ว โดยสิทธิดังกล่าวเป็นสิทธิที่มีเงื่อนไข (ไม่เข้าเงื่อนไขของการเป็นสิทธิอันปราศจากเงื่อนไขตามที่กำหนดไว้ในรายการลูกหนี้การค้าข้างต้น) กล่าวคือ ยังมีเงื่อนไขบางประการ นอกจากเงื่อนไขเวลา ตัวอย่างเช่น บริษัทต้องปฏิบัติให้เสร็จสิ้นตามผลการปฏิบัติงานในอนาคตเพื่อให้เข้าเงื่อนไขการจ่ายชำระตามสัญญา (Milestone payments) หรือยังไม่ถึงกำหนดเรียกชำระเงินจากลูกค้าตามขั้นความสำเร็จของงาน เป็นต้น ทั้งนี้ รวมถึงรายได้ค้างรับ เฉพาะส่วนที่ไม่หมุนเวียนคือคาดว่าจะได้รับชำระภายในระยะเวลาเกินกว่า 12 เดือน หรือเกินกว่ารอบระยะเวลาการดำเนินงานปกติของบริษัท
123300,สินทรัพย์ชีวภาพ - ไม่หมุนเวียน,หมายถึง สัตว์หรือพืชที่มีชีวิต ที่บริษัทคาดว่าจะได้รับประโยชน์ หรือตั้งใจจะขายเกินกว่า 12 เดือนนับจากวันสิ้นรอบระยะเวลารายงาน หรือเกินกว่ารอบระยะเวลาการดำเนินการตามปกติของบริษัท
123600,ที่ดินและต้นทุนโครงการรอการพัฒนา,หมายถึง ที่ดิน หรืออสังหาริมทรัพย์ที่บริษัทพัฒนาอสังหาริมทรัพย์ได้มาเพื่อวัตถุประสงค์ในการพัฒนาเป็นอสังหาริมทรัพย์เพื่อขาย เฉพาะในส่วนที่รอการพัฒนาที่คาดว่าจะแล้วเสร็จเกินกว่า 12 เดือนหรือรอบระยะเวลาการดำเนินงานปกติ
123700,อสังหาริมทรัพย์เพื่อการลงทุน - สุทธิ,"หมายถึง อสังหาริมทรัพย์ (ที่ดิน หรืออาคาร หรือส่วนของอาคาร/ส่วนควบอาคาร หรือ ทั้งที่ดินและอาคาร) ที่ถือครองโดยเจ้าของ หรือได้มาตามสัญญาเช่า (สินทรัพย์สิทธิการใช้) เพื่อหาประโยชน์จากรายได้ค่าเช่าหรือจากการเพิ่มขึ้นของมูลค่าของสินทรัพย์ หรือทั้งสองอย่าง โดยไม่ได้มีไว้เพื่อใช้ในการผลิตหรือจัดหาสินค้า ให้บริการ ใช้ในการบริหารงานของบริษัท หรือขายตามลักษณะการประกอบธุรกิจตามปกติ  โดยแสดงด้วยมูลค่ายุติธรรม หรือราคาทุนสุทธิจากค่าเสื่อมราคาสะสมและการด้อยค่า

"
123800,ที่ดิน อาคาร และอุปกรณ์ - สุทธิ,"หมายถึง สินทรัพย์ที่มีตัวตนที่บริษัทมีไว้เพื่อใช้ประโยชน์ในการผลิต หรือเพื่อใช้ในการจำหน่ายสินค้าหรือให้บริการ หรือเพื่อใช้ในการบริหารงาน รวมถึงสังหาริมทรัพย์เพื่อให้เช่า โดยที่บริษัทคาดว่าจะใช้ประโยชน์ได้มากกว่าหนึ่งรอบระยะเวลารายงาน โดยแสดงด้วยราคาทุนหรือมูลค่ายุติธรรมที่ตีใหม่สุทธิจากค่าเสื่อมราคาสะสมและการด้อยค่า

ทั้งนี้ รวมถึง สินทรัพย์สิทธิการใช้ในที่ดิน อาคาร และอุปกรณ์ ที่เข้าตามคำนิยามข้างต้น ซึ่งบริษัทเลือกที่จะไม่แยกแสดงเป็น “สินทรัพย์สิทธิการใช้ – สุทธิ” (เลขอ้างอิงที่ 87) "
123900,สินทรัพย์สิทธิการใช้ - สุทธิ,หมายถึง สินทรัพย์ที่แสดงสิทธิของผู้เช่าในการใช้สินทรัพย์ตามสัญญาเช่า สุทธิจากค่าเสื่อมราคาสะสมและการด้อยค่า เฉพาะในกรณีที่บริษัทเลือกที่จะแสดงรายการสินทรัพย์สิทธิการใช้เป็นรายการแยกต่างหาก ทั้งนี้ ไม่รวมสินทรัพย์สิทธิการใช้ที่จัดประเภทเป็นอสังหาริมทรัพย์เพื่อการลงทุน ที่กำหนดให้แสดงรวมอยู่ในอสังหาริมทรัพย์เพื่อการลงทุน - สุทธิ (เลขอ้างอิงที่ 85) ข้างต้น  
124200,ค่าความนิยม - สุทธิ,หมายถึง สินทรัพย์ที่แสดงถึงประโยชน์เชิงเศรษฐกิจในอนาคตอื่นที่บริษัทคาดว่าจะได้รับจากการรวมธุรกิจ ซึ่งประโยชน์ในอนาคตอื่นนั้นไม่สามารถระบุและรับรู้เป็นรายการแยกต่างหากได้ เช่น ต้นทุนที่ประหยัดได้จากการรวมธุรกิจ การได้มาซึ่งบุคลากรที่มีความรู้ความสามารถในธุรกิจ เป็นต้น โดยแสดงด้วยมูลค่าสุทธิจากค่าเผื่อการด้อยค่า
124100,สินทรัพย์ไม่มีตัวตน - สุทธิ,"หมายถึง สินทรัพย์ที่ไม่เป็นตัวเงินที่สามารถระบุได้และไม่มีลักษณะทางกายภาพ ที่ไม่ใช่ค่าความนิยม เช่น ลิขสิทธิ์ สิทธิบัตร สิทธิในสัมปทาน เป็นต้น โดยแสดงด้วยราคาทุนหรือมูลค่ายุติธรรมที่ตีใหม่สุทธิจากค่าเสื่อมราคาสะสมและการด้อยค่า

สินทรัพย์ไม่มีตัวตน - สุทธิ ประกอบด้วยเลขอ้างอิงที่ 90 ถึง 92"
124120,ค่าลิขสิทธิ์ซอฟต์แวร์,หมายถึง สินทรัพย์ไม่มีตัวตนประเภทลิขสิทธิ์ซอฟต์แวร์
124110,สิทธิในสัมปทานสิทธิและสิทธิอื่น ๆ,หมายถึง สินทรัพย์ไม่มีตัวตนที่รับรู้จากสิทธิตามสัญญาสัมปทานที่บริษัทได้รับ  รวมถึงสิทธิที่ได้จากการรวมธุรกิจที่เป็นสินทรัพย์ไม่มีตัวตนที่สามารถระบุได้
124190,สินทรัพย์ไม่มีตัวตน - อื่น ๆ,หมายถึง สินทรัพย์ไม่มีตัวตนประเภทอื่น ๆ ที่นอกเหนือจากเลขอ้างอิงที่ 90 ถึง 91
124130,สินทรัพย์ที่เกิดจากการสํารวจและการประเมินค่า,หมายถึง สินทรัพย์ที่เกิดจากการสํารวจและการประเมินค่า ซึ่งอยู่ระหว่างการพิสูจน์ความเป็นไปได้ทางเทคนิคและความเป็นไปได้ในเชิงพาณิชย์ของการนำเอาทรัพยากรแร่มาใช้ หลังจากที่บริษัทได้รับสิทธิทางกฎหมายให้ทำการสำรวจในพื้นที่ที่ระบุไว้ ซึ่งกิจกรรมการสำรวจในพื้นที่ที่จะก่อให้เกิดประโยชน์ยังไม่ถึงขั้นที่สามารถประเมินถึงความมีอยู่จริงของปริมาณสำรองในเชิงพาณิชย์ได้อย่างสมเหตุสมผล และกิจกรรมการสำรวจยังดำเนินอยู่โดยต่อเนื่อง  ซึ่งบริษัทได้รับรู้เป็นสินทรัพย์ตามนโยบายการบัญชีของบริษัท ซึ่งบริษัทจะพิจารณาเพื่อรับรู้เป็นสินทรัพย์ภายใต้ ที่ดิน อาคารและอุปกรณ์หรือสินทรัพย์ไม่มีตัวตนตามลักษณะของสินทรัพย์ที่ได้มา ในภายหลังหากเข้าเงื่อนไขและมีความเป็นไปได้ค่อนข้างแน่ว่าจะสามารถก่อให้เกิดประโยชน์เชิงเศรษฐกิจในอนาคต
124400,สินทรัพย์ภาษีเงินได้รอตัดบัญชี,หมายถึง สินทรัพย์ภาษีเงินได้รอตัดบัญชีที่บริษัทจะได้ใช้ประโยชน์ในอนาคต ซึ่งเกิดจากผลแตกต่างชั่วคราว เช่น บริษัทสามารถนำจำนวนดังกล่าวหักเป็นค่าใช้จ่ายทางภาษีในอนาคต ขาดทุนทางภาษีที่บริษัทคาดว่าจะนำไปใช้ประโยชน์ในการลดจำนวนภาษีที่ต้องชำระ รวมทั้งเครดิตภาษีที่บริษัทคาดว่าจะได้รับประโยชน์ในการลดจำนวนภาษีที่ต้องจ่ายชำระ
124500,ภาษีเงินได้นิติบุคคลค้างรับ - ไม่หมุนเวียน,หมายถึง จำนวนภาษีเงินได้นิติบุคคลที่บริษัทขอคืนหรือสามารถขอคืนได้และบริษัทคาดว่าจะได้รับคืน ไม่ว่าจะเป็นในรูปเงินคืนภาษีหรือเครดิตเพื่อลดจำนวนภาษีที่ต้องชำระ เป็นระยะเวลาเกินกว่า 12 เดือนนับจากวันสิ้นรอบระยะเวลารายงาน
125000,ลูกหนี้ที่เกิดจากภาษีอื่นหรือรายการอื่นภายใต้กฎหมาย - ไม่หมุนเวียน,"หมายถึง ลูกหนี้ที่เกิดจากภาษีอื่นหรือรายการอื่นภายใต้กฎหมายซึ่งบังคับใช้กับบริษัท ที่บริษัทสามารถขอคืนได้และคาดว่าจะได้คืน หรือจะได้รับประโยชน์เป็นเครดิตทางภาษี ในระยะเวลาเกินกว่า 12 เดือนนับจากวันสิ้นรอบระยะเวลารายงาน นอกเหนือจากเลขอ้างอิงที่ 95

ลูกหนี้ที่เกิดจากภาษีอื่นหรือรายการอื่นภายใต้กฎหมาย - ไม่หมุนเวียน ประกอบด้วยเลขอ้างอิงที่ 97 ถึง 100"
125010,ลูกหนี้ภาษีค้างรับ,หมายถึง ค่าภาษีหรืออากรค้างรับ หรือเครดิตทางภาษีที่จะได้รับจากหน่วยงานจัดเก็บ เช่น ภาษีสรรพสามิต เครดิตภาษีอากรนำเข้าจากกรมศุลกากร ภาษีมูลค่าเพิ่มที่รอขอคืน ที่บริษัทคาดว่าจะได้รับชำระคืนหรือได้รับประโยชน์ในระยะเวลาเกินกว่า 12 เดือนนับจากวันสิ้นรอบระยะเวลารายงาน
125020,ลูกหนี้กองทุนน้ำมันเชื้อเพลิง,หมายถึง ลูกหนี้เงินชดเชยและ/หรือเงินคืนจากกองทุนน้ำมันเชื้อเพลิงตามพระราชบัญญัติกองทุนน้ำมันเชื้อเพลิง ซึ่งจะถึงกำหนดรับชำระในระยะเวลาเกินกว่า 12 เดือนนับจากวันสิ้นรอบระยะเวลารายงาน
125030,ลูกหนี้กองทุนพัฒนาไฟฟ้า,หมายถึง ลูกหนี้เงินชดเชยและ/หรือเงินอุดหนุนจากกองทุนพัฒนาไฟฟ้าตามพระราชบัญญัติการประกอบกิจการพลังงาน ซึ่งจะถึงกำหนดรับชำระในระยะเวลาเกินกว่า 12 เดือนนับจากวันสิ้นรอบระยะเวลารายงาน
125090,ลูกหนี้ที่เกิดจากภาษีอื่นหรือรายการอื่นภายใต้กฎหมาย - อื่น ๆ,หมายถึง ลูกหนี้ที่เกิดจากภาษีอื่นหรือรายการอื่นภายใต้กฎหมายซึ่งบังคับใช้กับบริษัท โดยจะถึงกำหนดรับชำระในระยะเวลาเกินกว่า 12 เดือนนับจากวันสิ้นรอบระยะเวลารายงาน นอกเหนือจากเลขอ้างอิงที่ 97 ถึง 99
124800,สินทรัพย์ดิจิทัล - ไม่หมุนเวียน,หมายถึง สินทรัพย์ดิจิทัลที่บริษัทคาดว่าจะได้รับชำระ หรือสามารถเปลี่ยนไปเป็นสินทรัพย์ทางการเงินอื่นได้ภายในระยะเวลาเกินกว่า 12 เดือน ทั้งนี้ การได้รับชำระอาจเป็นการได้รับสินค้าหรือบริการในอนาคต เช่น สกุลเงินดิจิทัล (Cryptocurrency หรือ Digital currency) ซึ่งเป็นสื่อกลางในการแลกเปลี่ยนที่ต้องใช้วิทยาการเข้ารหัสลับเป็นการรับประกันการทำธุรกรรม หรือ เหรียญดิจิทัล (Digital token) ซึ่งสินทรัพย์ดังกล่าวอาจไม่สามารถนำไปชำระหนี้สินได้ตามกฎหมาย หรือไม่อาจรับประกันในสภาพคล่องได้ อีกทั้งมูลค่าของสินทรัพย์ดิจิทัลดังกล่าวอาจมีความผันผวนและมีความไม่แน่นอนได้
129900,สินทรัพย์ไม่หมุนเวียนอื่น,"หมายถึง สินทรัพย์ไม่หมุนเวียนอื่นนอกเหนือจากเลขอ้างอิงที่ 53 ถึง 101

สินทรัพย์ไม่หมุนเวียนอื่น ประกอบด้วยเลขอ้างอิงที่ 103 ถึง 105"
129910,ค่าใช้จ่ายจ่ายล่วงหน้า,หมายถึง ค่าใช้จ่ายที่บริษัทจ่ายล่วงหน้าเพื่อบริการที่บริษัทคาดว่าจะได้รับประโยชน์ภายในระยะเวลา 12 เดือนนับจากวันสิ้นรอบระยะเวลารายงาน
129920,เงินจ่ายล่วงหน้าค่าซื้อสินทรัพย์,หมายถึง ค่าใช้จ่ายที่บริษัทจ่ายล่วงหน้าเพื่อซื้อสินทรัพย์ถาวรหรือสินทรัพย์ไม่หมุนเวียนอื่นที่บริษัทคาดว่าจะได้รับประโยชน์ในระยะเวลาเกินกว่า 12 เดือนนับจากวันสิ้นรอบระยะเวลารายงาน
129990,สินทรัพย์ไม่หมุนเวียนอื่น - อื่น ๆ,หมายถึง สินทรัพย์ไม่หมุนเวียนอื่นประเภทอื่น ๆ นอกเหนือจากเลขอ้างอิงที่ 103 ถึง 104
129999,รวมสินทรัพย์ไม่หมุนเวียน,รวมสินทรัพย์ไม่หมุนเวียน เป็นผลรวมของเลขอ้างอิงที่ 53 ถึง 105
109999,รวมสินทรัพย์,รวมสินทรัพย์ เป็นผลรวมของเลขอ้างอิงที่ 51 และ 106
200000,หนี้สิน,หนี้สิน ประกอบด้วยเลขอ้างอิงที่ 109 ถึง 183
210000,หนี้สินหมุนเวียน,หนี้สินหมุนเวียน ประกอบด้วยเลขอ้างอิงที่ 110 ถึง 147
210500,เงินเบิกเกินบัญชีและเงินกู้ยืมระยะสั้นจากสถาบันการเงิน,หมายถึง เงินเบิกเกินบัญชีธนาคาร หนี้สินที่เกิดจากการกู้ยืมระยะสั้นจากธนาคารพาณิชย์หรือสถาบันการเงินอื่น รวมถึง หนี้สินที่เกิดจากการขายลดหรือขายช่วงตั๋วเงินกับสถาบันการเงิน หนี้สินที่เกิดจากการชำระคืนเจ้าหนี้ก่อนกำหนดตามสัญญา Supplier finance กับทางสถาบันการเงิน ซึ่งจัดเป็นหนี้สินประเภทหมุนเวียน
211100,เจ้าหนี้การค้าและเจ้าหนี้หมุนเวียนอื่น,"หมายถึง เจ้าหนี้การค้าและเจ้าหนี้อื่นซึ่งมีรอบการจ่ายชำระภายในรอบระยะเวลาดำเนินงานตามปกติของบริษัท หรือถึงกำหนดชำระภายใน 12 เดือนนับจากวันสิ้นรอบระยะเวลารายงาน ประกอบด้วยรายการดังต่อไปนี้
1. เจ้าหนี้การค้า หมายถึง จำนวนเงินที่บริษัทค้างชำระค่าสินค้าหรือค่าบริการที่ซื้อมาเพื่อขายหรือเพื่อใช้ในการผลิตสินค้าหรือบริการตามปกติ และตั๋วเงินจ่ายที่บริษัทออกให้เพื่อชำระค่าสินค้าหรือบริการดังกล่าว ซึ่งการจัดประเภทดังกล่าวขึ้นอยู่กับลักษณะการประกอบธุรกิจของบริษัท 
2. เจ้าหนี้อื่น หมายถึง เจ้าหนี้อื่นที่มิใช่เจ้าหนี้การค้า เช่น เงินทดรองรับ เจ้าหนี้ค่าซื้อสินทรัพย์ถาวร เจ้าหนี้ค่าซื้อธุรกิจ เจ้าหนี้ตามสัญญาโอนสิทธิ 

เจ้าหนี้การค้าและเจ้าหนี้หมุนเวียนอื่น ประกอบด้วยเลขอ้างอิงที่ 112 ถึง 115"
211110,บุคคลหรือกิจการอื่น,หมายถึง เจ้าหนี้การค้าและเจ้าหนี้หมุนเวียนอื่นที่เป็นรายการกับบุคคลหรือกิจการที่ไม่มีความเกี่ยวข้องกัน (อ้างอิงตามคำนิยามของบุคคลหรือกิจการที่เกี่ยวข้องกันตามมาตรฐานการบัญชี ฉบับที่ 24 เรื่อง บุคคลหรือกิจการที่เกี่ยวข้องกัน)
211120,บุคคลหรือกิจการที่เกี่ยวข้องกัน,หมายถึง เจ้าหนี้การค้าและเจ้าหนี้หมุนเวียนอื่นที่เป็นรายการกับบุคคลหรือกิจการที่เกี่ยวข้องกัน (อ้างอิงตามคำนิยามของบุคคลหรือกิจการที่เกี่ยวข้องกันตามมาตรฐานการบัญชี ฉบับที่ 24 เรื่อง บุคคลหรือกิจการที่เกี่ยวข้องกัน)
211130,เจ้าหนี้ค่าที่ดินและค่าก่อสร้าง,หมายถึง เจ้าหนี้ที่เกี่ยวกับการซื้อที่ดินและค่าก่อสร้าง เฉพาะในส่วนที่หมุนเวียน
211160,เจ้าหนี้หมุนเวียนอื่น,หมายถึง เจ้าหนี้หมุนเวียนอื่น นอกเหนือจากเลขอ้างอิงที่ 112 ถึง 114 เช่น เงินทดรองรับ เจ้าหนี้ค่าซื้อสินทรัพย์ถาวร เจ้าหนี้ค่าซื้อธุรกิจ เจ้าหนี้ตามสัญญาโอนสิทธิ เป็นต้น
212500,ค่าใช้จ่ายค้างจ่าย - หมุนเวียน,หมายถึง จำนวนเงินที่บริษัทค้างชำระค่าสินค้าหรือค่าบริการที่ได้รับ ซึ่งยังไม่ได้รับใบแจ้งหนี้จากผู้ขายสินค้าหรือผู้ให้บริการที่มีรอบการจ่ายชำระภายในรอบระยะเวลาดำเนินงานตามปกติของบริษัท หรือถึงกำหนดชำระภายใน 12 เดือนนับจากวันสิ้นรอบระยะเวลารายงาน
212600,หนี้สินภายใต้สัญญาและใบอนุญาตให้ดำเนินการ - หมุนเวียน,หมายถึง หนี้สินจากการซื้อสินค้า รับบริการ หรือรายจ่ายอื่น ๆ ภายใต้สัญญากับหน่วยงานของรัฐ ซึ่งบริษัทคาดว่าจะจ่ายชำระภายในรอบระยะเวลาดำเนินงานตามปกติของบริษัท หรือถึงกำหนดชำระภายใน 12 เดือนนับจากวันสิ้นรอบระยะเวลารายงาน 
211700,เงินกู้ยืมระยะสั้น,"หมายถึง เงินกู้ยืมระยะสั้น รวมทั้งหนี้สินในลักษณะอื่นใด ที่ถึงกำหนดชำระภายใน 12 เดือนนับจากวันสิ้นรอบระยะเวลารายงาน ทั้งนี้ ไม่รวมรายการที่จัดเป็น เจ้าหนี้การค้าและเจ้าหนี้หมุนเวียนอื่น ค่าใช้จ่ายค้างจ่าย และหนี้สินภายใต้สัญญาและใบอนุญาตให้ดำเนินการ - หมุนเวียน (เลขอ้างอิงที่ 111 116 และ 117) ที่ได้แยกแสดงไว้เป็นรายการแยกต่างหากข้างต้น

เงินกู้ยืมระยะสั้น ประกอบด้วยเลขอ้างอิงที่ 119 ถึง 120"
211710,บุคคลหรือกิจการอื่น,หมายถึง เงินกู้ยืมระยะสั้นจากบุคคลหรือกิจการที่ไม่มีความเกี่ยวข้องกัน (อ้างอิงตามคำนิยามของบุคคลหรือกิจการที่เกี่ยวข้องกันตามมาตรฐานการบัญชี ฉบับที่ 24 เรื่อง บุคคลหรือกิจการที่เกี่ยวข้องกัน)
211720,บุคคลหรือกิจการที่เกี่ยวข้องกัน,หมายถึง เงินกู้ยืมระยะสั้นจากบุคคลหรือกิจการที่เกี่ยวข้องกัน (อ้างอิงตามคำนิยามของบุคคลหรือกิจการที่เกี่ยวข้องกันตามมาตรฐานการบัญชี ฉบับที่ 24 เรื่อง บุคคลหรือกิจการที่เกี่ยวข้องกัน)
211800,ส่วนของหนี้สินระยะยาวส่วนที่ถึงกำหนดชำระภายในหนึ่งปี,"หมายถึง เงินกู้ยืมระยะยาว รวมถึงหนี้สินระยะยาวในลักษณะอื่นใดที่จะถึงกำหนดชำระคืนภายใน 12 เดือนนับจากวันสิ้นรอบระยะเวลารายงาน เช่น เงินกู้ยืมระยะยาวที่ถึงกำหนดชำระภายในหนึ่งปี หุ้นกู้ที่ถึงกำหนดชำระภายในหนึ่งปี หุ้นกู้ด้อยสิทธิที่ถึงกำหนดชำระภายในหนึ่งปี หุ้นกู้ที่ผู้ถือมีสิทธิไถ่ถอนหรือแปลงสภาพได้ภายในระยะเวลาหนึ่งปี หุ้นบุริมสิทธิที่มีลักษณะเป็นหนี้สินทางการเงินที่ผู้ถือมีสิทธิไถ่ถอนหรือแปลงสภาพได้ภายในระยะเวลาหนึ่งปี เป็นต้น

ส่วนของหนี้สินระยะยาวที่ถึงกำหนดชำระภายในหนึ่งปี ประกอบด้วยเลขอ้างอิงที่ 122 ถึง 126"
211860,สถาบันการเงิน,หมายถึง หนี้สินหรือเงินกู้ยืมระยะยาวส่วนที่ถึงกำหนดชำระภายในหนึ่งปีจากสถาบันการเงิน
211820,บุคคลหรือกิจการที่เกี่ยวข้องกัน,หมายถึง หนี้สินหรือเงินกู้ยืมระยะยาวส่วนที่ถึงกำหนดชำระภายในหนึ่งปีจากบุคคลหรือกิจการที่เกี่ยวข้องกัน (อ้างอิงตามคำนิยามของบุคคลหรือกิจการที่เกี่ยวข้องกันตามมาตรฐานการบัญชี ฉบับที่ 24 เรื่อง บุคคลหรือกิจการที่เกี่ยวข้องกัน)
211830,หุ้นกู้,หมายถึง ตราสารหนี้ที่บริษัทออกให้แก่ผู้ถือหุ้นกู้ตามที่สำนักงานคณะกรรมการกำกับหลักทรัพย์และตลาดหลักทรัพย์กำหนด ในส่วนที่มีกำหนดชำระคืนภายใน 12 เดือนนับจากวันสิ้นรอบระยะเวลารายงาน โดยผู้ถือมีสิทธิได้รับชำระเงินต้นและดอกเบี้ย และสิทธิในการเข้าร่วมประชุมและออกเสียงลงคะแนนในการประชุมผู้ถือหุ้นกู้ หุ้นกู้ดังกล่าวอาจมีหลายประเภทขึ้นอยู่กับประเภทที่ระบุในแบบแสดงรายการข้อมูลการเสนอขายตราสารหนี้ เช่น หุ้นกู้ด้อยสิทธิ หุ้นกู้ไม่ด้อยสิทธิ หุ้นกู้แปลงสภาพ เป็นต้น
211840,หุ้นกู้ที่มีลักษณะคล้ายทุน,หมายถึง ตราสารหนี้ที่บริษัทออกให้แก่ผู้ถือโดยการกำหนดสิทธิของผู้ถือตราสารไว้ด้อยกว่าสิทธิของเจ้าหนี้สามัญทั่วไป ซึ่งลักษณะ ระยะเวลาการจ่ายชำระของผู้ออกตราสาร และเงื่อนไข รวมถึงข้อกำหนดสิทธิของผู้ถือตราสารจะเป็นไปตามที่ระบุไว้ในแบบแสดงรายการข้อมูลการเสนอขายตราสารหนี้ เช่น ประเภทของตราสาร การระบุระยะเวลาการไถ่ถอน และการระบุระยะเวลาการจ่ายชำระดอกเบี้ย เป็นต้น ซึ่งโดยทั่วไปจะไม่มีการกำหนดระยะเวลาการไถ่ถอนที่แน่นอน ทั้งนี้ เฉพาะตราสารหนี้ที่มีลักษณะคล้ายทุนที่บริษัทจัดประเภทรายการเป็นหนี้สินทางการเงิน และบริษัทไม่สามารถยืดระยะเวลาการจ่ายชำระออกไปเกินกว่า 12 เดือน
211890,ส่วนของหนี้สินระยะยาวส่วนที่ถึงกำหนดชำระภายในหนึ่งปี - อื่น ๆ,หมายถึง หนี้สินทางการเงินระยะยาวอื่น ที่มีกำหนดชำระภายในระยะเวลา 12 เดือน หรือไม่สามารถยืดระยะเวลาการจ่ายชำระออกไปเกินกว่า 12 เดือนนับจากวันสิ้นรอบระยะเวลา นอกเหนือจากเลขอ้างอิงที่ 122 ถึง 125 เช่น หุ้นบุริมสิทธิที่มีลักษณะเป็นหนี้สินทางการเงิน
212100,หนี้สินอนุพันธ์ - หมุนเวียน,"หมายถึง มูลค่ายุติธรรมของตราสารอนุพันธ์ หรือส่วนปรับมูลค่าของตราสารอนุพันธ์ที่มีผลสุทธิเป็นขาดทุน ของตราสารอนุพันธ์เพื่อค้า และตราสารอนุพันธ์ที่ถือไว้เพื่อป้องกันความเสี่ยง รวมถึงอนุพันธ์แฝงที่บริษัทรับรู้แยกออกมาจากสัญญาหลัก เฉพาะส่วนที่มีอายุสัญญาคงเหลือไม่เกิน 12 เดือนนับจากวันสิ้นรอบระยะเวลารายงาน หรือส่วนที่มีระยะเวลาในการปิดสถานะของตราสารดังกล่าวไม่เกิน 12 เดือนนับจากวันสิ้นรอบระยะเวลารายงาน 

หนี้สินอนุพันธ์ ประกอบด้วยรายการดังต่อไปนี้
1. อนุพันธ์เพื่อค้าและเพื่อป้องกันความเสี่ยง (ไม่ได้เลือกใช้การบัญชีป้องกันความเสี่ยง) หมายถึง ตราสารอนุพันธ์ที่บริษัทถือไว้เพื่อค้า ที่บริษัทถือไว้เพื่อป้องกันความเสี่ยงของบริษัทโดยไม่ได้เลือกปฏิบัติตามการบัญชีป้องกันความเสี่ยง ซึ่งรวมถึงการทำสัญญาอนุพันธ์ที่ทำกับลูกค้า และอนุพันธ์แฝงที่แยกออกจากสัญญาหลักได้ โดยมีลักษณะทุกข้อต่อไปนี้ 
1.1 มูลค่าของอนุพันธ์ดังกล่าวจะผันแปรไปตามอัตราดอกเบี้ย ราคาของตราสารการเงิน ราคาสินค้าโภคภัณฑ์ อัตราแลกเปลี่ยน ดัชนีราคาหรือดัชนีอื่น เช่น อันดับความน่าเชื่อถือ หรือตัวแปรอื่นใด
1.2 ไม่มีการจ่ายเงินลงทุนสุทธิเมื่อเริ่มแรก หรือจ่ายด้วยจำนวนเพียงเล็กน้อยเมื่อเทียบกับมูลค่าของสัญญาประเภทอื่น ซึ่งมีการตอบสนองในลักษณะเดียวกันของปัจจัยตลาด
1.3 มีกำหนดการรับหรือการจ่ายชำระในอนาคต

2. อนุพันธ์เพื่อการบัญชีป้องกันความเสี่ยง หมายถึง อนุพันธ์ที่บริษัทถือไว้โดยมีวัตถุประสงค์เพื่อใช้ในการป้องกันความเสี่ยง และบริษัทเลือกปฏิบัติตามวิธีการบัญชีป้องกันความเสี่ยง (ตามที่กำหนดไว้ในมาตรฐานการรายงานทางการเงิน ฉบับที่ 9 เรื่อง เครื่องมือทางการเงิน)"
212200,หนี้สินทางการเงินหมุนเวียนอื่น,"หมายถึง หนี้สินทางการเงินหมุนเวียนอื่นใด ซึ่งบริษัทมีภาระผูกพันตามสัญญาที่จะส่งมอบเงินสดหรือสินทรัพย์ทางการเงินอื่นให้กิจการอื่น หรือที่จะแลกเปลี่ยนสินทรัพย์ทางการเงินหรือหนี้สินทางการเงินกับกิจการอื่นภายใต้เงื่อนไขที่จะทำให้บริษัทเสียประโยชน์ ที่บริษัทจะต้องจ่ายชำระภายในระยะเวลา 12 เดือนนับจากวันสิ้นรอบระยะเวลารายงาน หรือภายในรอบระยะเวลาการดำเนินงานปกติของบริษัท นอกเหนือจากเลขอ้างอิงที่ 110 ถึง 127

หนี้สินทางการเงินหมุนเวียนอื่น ประกอบด้วยเลขอ้างอิงที่ 129 ถึง 131"
212210,เงินมัดจำ,หมายถึง เงินมัดจำที่บริษัทได้รับมา และต้องจ่ายชำระคืนตามเงื่อนไขของสัญญา รวมถึงเงินประกันการเช่า ภายใน 12 เดือนนับจากวันสิ้นรอบระยะเวลารายงาน หรือภายในรอบระยะเวลาการดำเนินงานปกติของบริษัท 
212220,เงินประกันผลงาน,หมายถึง เงินประกันผลงานที่บริษัทหักไว้เพื่อเป็นการประกันผลงานตามเงื่อนไขของสัญญา ซึ่งบริษัทคาดว่าจะต้องชำระคืนภายใน 12 เดือนนับจากวันสิ้นรอบระยะเวลา หรือภายในรอบระยะเวลาการดำเนินงานปกติของบริษัท
212290,หนี้สินทางการเงินหมุนเวียนอื่น - อื่น ๆ,หมายถึง หนี้สินทางการเงินอื่น ๆ ที่บริษัทต้องจ่ายชำระภายใน 12 เดือนนับจากวันสิ้นรอบระยะเวลารายงาน หรือภายในรอบระยะเวลาการดำเนินงานปกติของบริษัท นอกเหนือจากเลขอ้างอิงที่ 129 ถึง 130 เช่น เจ้าหนี้จากการปรับโครงสร้างหนี้ (ยกเว้นกรณีที่บริษัทสามารถระบุประเภทของเจ้าหนี้จากการปรับโครงสร้าหนี้ได้ เช่น เจ้าหนี้การค้า เจ้าหนี้หมุนเวียนอื่น หรือเงินกู้ยืม ที่จะจัดประเภทเป็นหนี้สินรายการนั้น ๆ) เจ้าหนี้ค่าซื้อเงินลงทุน ค่าหุ้นค้างจ่าย เป็นต้น
212300,หนี้สินที่เกิดจากสัญญาและค่าเช่ารับล่วงหน้า - หมุนเวียน,"หมายถึง หนี้สินที่เกิดจากสัญญาที่ทำกับลูกค้า หรือภาระผูกพันของบริษัทในการโอนการควบคุมในสินค้าหรือบริการให้กับลูกค้า ซึ่งบริษัทได้รับค่าตอบแทนจากลูกค้าเป็นจำนวนเงินที่เกินกว่าสินค้าหรือบริการที่บริษัทจะต้องปฏิบัติตามสัญญา ทั้งนี้ รวมถึงเงินรับล่วงหน้าจากลูกค้า เงินที่ชำระตามสัญญาในส่วนที่เกินกว่าภาระที่ต้องปฏิบัติที่ส่งมอบหรือปฏิบัติเสร็จสิ้นแล้ว และค่าเช่ารับล่วงหน้าจากสัญญาเช่าดำเนินงานที่บริษัทเป็นผู้ให้เช่า เฉพาะในส่วนที่หมุนเวียนซึ่งคาดว่าจะชำระหรือปฎิบัติตามสัญญาสำหรับเงินรับล่วงหน้าจำนวนดังกล่าว ภายในระยะเวลา 12 เดือน หรือภายในรอบระยะเวลาการดำเนินงานปกติของบริษัท

หนี้สินที่เกิดจากสัญญาและค่าเช่ารับล่วงหน้า - หมุนเวียน ประกอบด้วยเลขอ้างอิงที่ 133 ถึง 135"
212310,ค่าเช่ารับล่วงหน้า,หมายถึง ค่าเช่าที่บริษัทรับล่วงหน้าจากลูกค้าภายใต้สัญญาเช่าดำเนินงานในส่วนที่หมุนเวียน (ภายใน 12 เดือน)
212320,รายได้รับล่วงหน้า - อื่น ๆ,หมายถึง หนี้สินที่เกิดจากสัญญาที่ทำกับลูกค้า หรือภาระผูกพันของบริษัทในการโอนการควบคุมในสินค้าหรือบริการให้กับลูกค้า ซึ่งบริษัทได้รับค่าตอบแทนจากลูกค้าเป็นจำนวนเงินที่เกินกว่าสินค้าหรือบริการที่บริษัทจะต้องปฏิบัติตามสัญญา ทั้งนี้ รวมถึงเงินรับล่วงหน้าจากลูกค้า เงินที่ชำระตามสัญญาในส่วนที่เกินกว่าภาระที่ต้องปฏิบัติที่ส่งมอบหรือปฏิบัติเสร็จสิ้นแล้ว เฉพาะในส่วนที่หมุนเวียน
212390,หนี้สินที่เกิดจากสัญญาและค่าเช่ารับล่วงหน้า - อื่น ๆ,หมายถึง หนี้สินที่เกิดจากสัญญาและค่าเช่ารับล่วงหน้า นอกเหนือจากเลขอ้างอิงที่ 133 ถึง 134 เฉพาะในส่วนที่หมุนเวียน
212400,หนี้สินตามสัญญาเช่า - ส่วนที่ถึงกำหนดชำระภายในหนึ่งปี,หมายถึง หนี้สินตามสัญญาเช่าส่วนที่จะถึงกำหนดชำระภายในรอบระยะเวลาดำเนินงานตามปกติของบริษัท หรือถึงกำหนดชำระภายใน 12 เดือนนับจากวันสิ้นรอบระยะเวลารายงาน
212700,ประมาณการหนี้สินผลประโยชน์พนักงาน - หมุนเวียน,หมายถึง ประมาณการหนี้สินผลประโยชน์ของพนักงานระยะสั้น ผลประโยชน์ของพนักงานระยะยาวที่ถึงกำหนดชำระภายในหนึ่งปี ผลประโยชน์หลังออกจากงาน (เฉพาะในกรณีที่บริษัทเลือกแยกแสดงรายการดังกล่าวเป็นในส่วนที่หมุนเวียนและไม่หมุนเวียน) หรือผลประโยชน์เมื่อเลิกจ้าง ซึ่งบริษัทคาดว่าจะต้องจ่ายชำระภายใน 12 เดือนนับจากวันสิ้นรอบระยะเวลารายงาน และมีความไม่แน่นอนเกี่ยวกับจังหวะเวลา และ/หรือ จำนวนที่ต้องจ่ายชำระ
212800,ประมาณการหนี้สินระยะสั้น,หมายถึง ประมาณการหนี้สินอื่น ที่มีความไม่แน่นอนเกี่ยวกับจังหวะเวลา และ/หรือ จำนวนที่ต้องจ่ายชำระ และบริษัทคาดว่าจะต้องจ่ายชำระภายใน 12 เดือนนับจากวันสิ้นรอบระยะเวลารายงาน นอกเหนือจากเลขอ้างอิงที่ 137 “ประมาณการหนี้สินผลประโยชน์พนักงาน – หมุนเวียน”
212900,หนี้สินที่เกี่ยวข้องโดยตรงกับสินทรัพย์ไม่หมุนเวียน และ/หรือ กลุ่มสินทรัพย์ที่ยกเลิกซึ่งถือไว้เพื่อขาย,หมายถึง หนี้สินที่เกี่ยวข้องโดยตรงกับสินทรัพย์ไม่หมุนเวียน และ/หรือ กลุ่มสินทรัพย์ที่ยกเลิกซึ่งถือไว้เพื่อขายที่แยกแสดงไว้เป็น สินทรัพย์ไม่หมุนเวียน และ/หรือ กลุ่มสินทรัพย์ที่ยกเลิกซึ่งถือไว้เพื่อขาย (เลขอ้างอิงที่ 45)
213000,ภาษีเงินได้นิติบุคคลค้างจ่าย,หมายถึง จำนวนภาษีเงินได้นิติบุคคลที่ต้องชำระ โดยคำนวณจากกำไร (ขาดทุน) ทางภาษีสำหรับงวดสุทธิจากเครดิตภาษี และ/หรือ ภาษีเงินได้นิติบุคคลถูกหัก ณ ที่จ่าย และ/หรือ ภาษีเงินได้นิติบุคคลจ่ายล่วงหน้า
214000,เจ้าหนี้ที่เกิดจากภาษีอื่นหรือรายการอื่นภายใต้กฎหมาย - หมุนเวียน,"หมายถึง เจ้าหนี้ที่เกิดจากภาษีอื่นหรือรายการอื่นภายใต้กฎหมายซึ่งบังคับใช้กับบริษัท ที่บริษัทต้องชำระภายในระยะเวลา 12 เดือนนับจากวันสิ้นรอบระยะเวลารายงาน ที่นอกเหนือจากเลขอ้างอิงที่ 140

เจ้าหนี้ที่เกิดจากภาษีอื่นหรือรายการอื่นภายใต้กฎหมาย - หมุนเวียน ประกอบด้วยเลขอ้างอิงที่ 142 ถึง 145"
214010,เจ้าหนี้ภาษีค้างจ่าย,หมายถึง ค่าภาษีหรืออากรค้างจ่าย เช่น ภาษีมูลค่าเพิ่มรอนำส่ง ภาษีสรรพสามิต ค่าอากรจ่ายแก่กรมศุลกากร ภาษีเงินได้หัก ณ ที่จ่ายค้างจ่าย ที่บริษัทคาดว่าจะต้องจ่ายภายในระยะเวลา 12 เดือนนับจากวันสิ้นรอบระยะเวลารายงาน
214020,เจ้าหนี้กองทุนน้ำมันเชื้อเพลิง,หมายถึง เจ้าหนี้เงินนำส่งกองทุนน้ำมันเชื้อเพลิงตามพระราชบัญญัติกองทุนน้ำมันเชื้อเพลิง ซึ่งจะถึงกำหนดชำระภายใน 12 เดือนนับจากวันสิ้นรอบระยะเวลารายงาน
214030,เจ้าหนี้กองทุนพัฒนาไฟฟ้า,หมายถึง เจ้าหนี้ทีเงินนำส่งงกองทุนพัฒนาไฟฟ้าตามพระราชบัญญัติการประกอบกิจการพลังงาน ซึ่งจะถึงกำหนดชำระภายใน 12 เดือนนับจากวันสิ้นรอบระยะเวลารายงาน
214090,เจ้าหนี้ที่เกิดจากภาษีอื่นหรือรายการอื่นภายใต้กฎหมาย - อื่น ๆ,หมายถึง เจ้าหนี้ที่เกิดจากภาษีอื่นหรือรายการอื่นภายใต้กฎหมายซึ่งบังคับใช้กับบริษัท โดยจะถึงกำหนดชำระภายใน 12 เดือนนับจากวันสิ้นรอบระยะเวลารายงาน นอกเหนือจากเลขอ้างอิงที่ 142 ถึง 144
219900,หนี้สินหมุนเวียนอื่น,หมายถึง หนี้สินหมุนเวียนอื่นใด นอกเหนือจากเลขอ้างอิงที่ 110 ถึง 145
219999,รวมหนี้สินหมุนเวียน,รวมหนี้สินหมุนเวียน เป็นผลรวมของเลขอ้างอิงที่ 110 ถึง 146
220000,หนี้สินไม่หมุนเวียน,หนี้สินไม่หมุนเวียน ประกอบด้วยเลขอ้างอิงที่ 149 ถึง 182
221100,เจ้าหนี้การค้าและเจ้าหนี้ไม่หมุนเวียนอื่น,"หมายถึง เจ้าหนี้การค้าและเจ้าหนี้อื่นซึ่งมีรอบการจ่ายชำระเกินกว่ารอบระยะเวลาดำเนินงานตามปกติของบริษัท หรือถึงกำหนดชำระเกินกว่า 12 เดือนนับจากวันสิ้นรอบระยะเวลารายงาน ประกอบด้วยรายการดังต่อไปนี้
1. เจ้าหนี้การค้า หมายถึง จำนวนเงินที่บริษัทค้างชำระค่าสินค้าหรือค่าบริการที่ซื้อมาเพื่อขายหรือเพื่อใช้ในการผลิตสินค้าหรือบริการตามปกติ และตั๋วเงินจ่ายที่บริษัทออกให้เพื่อชำระค่าสินค้าหรือบริการดังกล่าว ซึ่งการจัดประเภทดังกล่าวขึ้นอยู่กับลักษณะการประกอบธุรกิจของบริษัท
2. เจ้าหนี้อื่น หมายถึง เจ้าหนี้อื่นที่มิใช่เจ้าหนี้การค้า เช่น เงินทดรองรับ เจ้าหนี้ค่าซื้อสินทรัพย์ถาวร เจ้าหนี้ค่าซื้อธุรกิจ เจ้าหนี้ตามสัญญาโอนสิทธิ เป็นต้น

เจ้าหนี้การค้าและเจ้าหนี้ไม่หมุนเวียนอื่น ประกอบด้วยเลขอ้างอิงที่ 150 ถึง 153"
221110,บุคคลหรือกิจการอื่น,หมายถึง เจ้าหนี้การค้าและเจ้าหนี้ไม่หมุนเวียนอื่นที่เป็นรายการกับบุคคลหรือกิจการที่ไม่มีความเกี่ยวข้องกัน (อ้างอิงตามคำนิยามของบุคคลหรือกิจการที่เกี่ยวข้องกันตามมาตรฐานการบัญชี ฉบับที่ 24 เรื่อง บุคคลหรือกิจการที่เกี่ยวข้องกัน)
221120,บุคคลหรือกิจการที่เกี่ยวข้องกัน,หมายถึง เจ้าหนี้การค้าและเจ้าหนี้ไม่หมุนเวียนอื่นที่เป็นรายการกับบุคคลหรือกิจการที่เกี่ยวข้องกัน (อ้างอิงตามคำนิยามของบุคคลหรือกิจการที่เกี่ยวข้องกันตามมาตรฐานการบัญชี ฉบับที่ 24 เรื่อง บุคคลหรือกิจการที่เกี่ยวข้องกัน)
221130,เจ้าหนี้ค่าที่ดินและค่าก่อสร้าง,หมายถึง เจ้าหนี้ที่เกี่ยวกับการซื้อที่ดินและค่าก่อสร้าง เฉพาะในส่วนที่ไม่หมุนเวียน
221160,เจ้าหนี้ไม่หมุนเวียนอื่น,หมายถึง เจ้าหนี้ไม่หมุนเวียนอื่น นอกเหนือจากเลขอ้างอิงที่ 150 ถึง 152 เช่น เงินทดรองรับ เจ้าหนี้ค่าซื้อสินทรัพย์ถาวร เจ้าหนี้ค่าซื้อธุรกิจ เจ้าหนี้ตามสัญญาโอนสิทธิ เป็นต้น 
222500,ค่าใช้จ่ายค้างจ่าย - ไม่หมุนเวียน,หมายถึง จำนวนเงินที่บริษัทค้างชำระค่าสินค้าหรือค่าบริการที่ซื้อมา ซึ่งยังไม่ได้รับใบแจ้งหนี้จากผู้ขายหรือผู้ให้บริการที่บริษัทมีรอบการจ่ายชำระเกินรอบระยะเวลาดำเนินงานตามปกติของบริษัท หรือถึงกำหนดชำระเกิน 12 เดือนนับจากวันสิ้นรอบระยะเวลารายงาน
222600,หนี้สินภายใต้สัญญาและใบอนุญาตให้ดำเนินการ - ไม่หมุนเวียน,หมายถึง หนี้สินจากการซื้อสินค้า รับบริการ หรือรายจ่ายอื่น ๆ ภายใต้สัญญากับหน่วยงานของรัฐ ซึ่งบริษัทคาดว่าจะจ่ายชำระเกินกว่ารอบระยะเวลาดำเนินงานตามปกติของบริษัท หรือถึงกำหนดชำระเกินกว่า 12 เดือนนับจากวันสิ้นรอบระยะเวลารายงาน 
221800,หนี้สินระยะยาว - ส่วนที่ถึงกำหนดชำระเกินกว่าหนึ่งปี,"หมายถึง เงินกู้ยืมระยะยาว รวมถึงหนี้สินระยะยาวในลักษณะอื่นใดที่จะถึงกำหนดชำระคืนเกินกว่า 12 เดือนนับจากวันสิ้นรอบระยะเวลารายงาน เช่น เงินกู้ยืมระยะยาวที่ถึงกำหนดชำระเกินกว่าหนึ่งปี หุ้นกู้ที่ถึงกำหนดชำระเกินกว่าหนึ่งปี หุ้นกู้ด้อยสิทธิที่ถึงกำหนดชำระเกินกว่าหนึ่งปี หุ้นกู้ที่ผู้ถือมีสิทธิไถ่ถอนหรือแปลงสภาพได้ในระยะเวลาเกินกว่าหนึ่งปี หุ้นบุริมสิทธิที่มีลักษณะเป็นหนี้สินทางการเงินผู้ถือมีสิทธิไถ่ถอนหรือแปลงสภาพได้ในระยะเวลาเกินกว่าหนึ่งปี เป็นต้น

หนี้สินระยะยาว - ส่วนที่ถึงกำหนดชำระเกินกว่าหนึ่งปี ประกอบด้วยเลขอ้างอิงที่ 157 ถึง 161"
221860,สถาบันการเงิน,หมายถึง หนี้สินหรือเงินกู้ระยะยาวส่วนที่ถึงกำหนดชำระเกินกว่าหนึ่งปีจากสถาบันการเงิน
221820,บุคคลหรือกิจการที่เกี่ยวข้องกัน,หมายถึง หนี้สินหรือเงินกู้ยืมระยะยาวส่วนที่ถึงกำหนดชำระเกินกว่าหนึ่งปีจากบุคคลหรือกิจการที่เกี่ยวข้องกัน (อ้างอิงตามคำนิยามของบุคคลหรือกิจการที่เกี่ยวข้องกันตามมาตรฐานการบัญชี ฉบับที่ 24 เรื่อง บุคคลหรือกิจการที่เกี่ยวข้องกัน)
221830,หุ้นกู้,หมายถึง ตราสารหนี้ที่บริษัทออกให้แก่ผู้ถือหุ้นกู้ตามที่สำนักงานคณะกรรมการกำกับหลักทรัพย์และตลาดหลักทรัพย์กำหนด ในส่วนที่มีกำหนดชำระคืนเกินกว่า 12 เดือนนับจากวันสิ้นรอบระยะเวลารายงาน โดยผู้ถือกู้จะมีสิทธิได้รับชำระงินต้นและดอกเบี้ย และสิทธิในการเข้าร่วมประชุมและออกเสีงลงคะแนนในการประชุมผู้ถือหุ้นกู้ หุ้นกู้ดังกล่าวอาจมีหลายประเภทขึ้นอยู่กับประเภทที่ระบุในแบบแสดงรายการข้อมูลการเสนอขายตราสารหนี้ เช่น หู้นกู้ด้อยสิทธิ หุ้นกู้ไม่ด้อยสิทธิ หุ้นกู้แปลงสภาพ เป็นต้น
221840,หุ้นกู้ที่มีลักษณะคล้ายทุน,หมายถึง ตราสารหนี้ที่บริษัทออกให้แก่ผู้ถือหุ้นกู้โดยการกำหนดสิทธิของผู้ถือตราสารไว้ด้อยกว่าสิทธิของเจ้าหนี้สามัญทั่วไป ซึ่งลักษณะ ระยะเวลาการจ่ายชำระของผู้ออกตราสาร และเงื่อนไข รวมถึงข้อกำหนดสิทธิของผู้ถือตราสารจะเป็นไปตามที่ระบุไว้ในแบบแสดงรายการข้อมูลการเสนอขายตราสารหนี้ เช่น ประเภทของตราสาร การระบุระยะเวลาการไถ่ถอน และการระบุระยะเวลาการจ่ายชำระดอกเบี้ย เป็นต้น ซึ่งโดยทั่วไปจะไม่มีการกำหนดระยะเวลาการไถ่ถอนที่แน่นอน ทั้งนี้ เฉพาะตราสารหนี้ที่มีลักษณะคล้ายทุนที่บริษัทจัดประเภทรายการเป็นหนี้สินทางการเงิน และบริษัทสามารถยืดระยะเวลาการจ่ายชำระออกไปเกินกว่า 12 เดือน
221890,หนี้สินระยะยาว - ส่วนที่ถึงกำหนดชำระเกินกว่าหนึ่งปี - อื่น ๆ,หมายถึง หนี้สินทางการเงินระยะยาวอื่นนอกเหนือจากเลขอ้างอิงที่ 157 ถึง 160 ที่มีกำหนดชำระเกินกว่า 12 เดือน หรือบริษัทสามารถยืดระยะเวลาการจ่ายชำระออกไปเกินกว่า 12 เดือนนับจากวันสิ้นรอบระยะเวลารายงาน รวมถึงหุ้นบุริมสิทธิที่มีลักษณะเป็นหนี้สินทางการเงิน
222400,หนี้สินตามสัญญาเช่า - ส่วนที่ถึงกำหนดชำระเกินกว่าหนึ่งปี,หมายถึง หนี้สินจากสัญญาเช่าส่วนที่จะถึงกำหนดชำระเกินกว่ารอบระยะเวลาดำเนินงานตามปกติของบริษัท หรือถึงกำหนดชำระเกินกว่า 12 เดือนนับจากวันสิ้นรอบระยะเวลารายงาน
222100,หนี้สินอนุพันธ์ - ไม่หมุนเวียน,"หมายถึง มูลค่ายุติธรรมของตราสารอนุพันธ์ หรือส่วนปรับมูลค่าของตราสารอนุพันธ์ที่มีผลสุทธิเป็นขาดทุน ของตราสารอนุพันธ์เพื่อค้า และตราสารอนุพันธ์ที่ถือไว้เพื่อป้องกันความเสี่ยง รวมถึงอนุพันธ์แฝงที่บริษัทรับรู้แยกออกมาจากสัญญาหลัก เฉพาะส่วนที่มีอายุสัญญาคงเหลือเกินกว่า 12 เดือนนับจากวันสิ้นรอบระยะเวลารายงาน หรือส่วนที่บริษัทคาดว่าระยะเวลาในการปิดสถานะของตราสารดังกล่าวเกินกว่า 12 เดือนนับจากวันสิ้นรอบระยะเวลารายงาน

หนี้สินอนุพันธ์ ประกอบด้วยรายการดังต่อไปนี้
1. อนุพันธ์เพื่อค้าและเพื่อป้องกันความเสี่ยง (ไม่ได้เลือกใช้การบัญชีป้องกันความเสี่ยง) หมายถึง ตราสารอนุพันธ์ที่บริษัทถือไว้เพื่อค้า ที่บริษัทถือไว้เพื่อป้องกันความเสี่ยงของบริษัทโดยไม่ได้เลือกปฏิบัติตามการบัญชีป้องกันความเสี่ยง ซึ่งรวมถึงการทำสัญญาอนุพันธ์ที่ทำกับลูกค้า และอนุพันธ์แฝงที่แยกออกจากสัญญาหลักได้ โดยมีลักษณะทุกข้อต่อไปนี้ 
1.1 มูลค่าของอนุพันธ์ดังกล่าวจะผันแปรไปตามอัตราดอกเบี้ย ราคาของตราสารการเงิน ราคาสินค้าโภคภัณฑ์ อัตราแลกเปลี่ยน ดัชนีราคาหรือดัชนีอื่น เช่น อันดับความน่าเชื่อถือ หรือตัวแปรอื่นใด
1.2 ไม่มีการจ่ายเงินลงทุนสุทธิเมื่อเริ่มแรก หรือจ่ายด้วยจำนวนเพียงเล็กน้อยเมื่อเทียบกับมูลค่าของสัญญาประเภทอื่น ซึ่งมีการตอบสนองในลักษณะเดียวกันของปัจจัยตลาด 
1.3 มีกำหนดการรับหรือการจ่ายชำระในอนาคต

2. อนุพันธ์เพื่อการบัญชีป้องกันความเสี่ยง หมายถึง อนุพันธ์ที่บริษัทถือไว้โดยมีวัตถุประสงค์เพื่อใช้ในการป้องกันความเสี่ยง และบริษัทเลือกปฏิบัติตามวิธีการบัญชีป้องกันความเสี่ยง (ตามที่กำหนดไว้ในมาตรฐานการรายงานทางการเงิน ฉบับที่ 9 เรื่อง เครื่องมือทางการเงิน)"
222200,หนี้สินทางการเงินไม่หมุนเวียนอื่น,"หมายถึง หนี้สินทางการเงินไม่หมุนเวียนอื่นใด ซึ่งบริษัทมีภาระผูกพันตามสัญญาที่จะส่งมอบเงินสดหรือสินทรัพย์ทางการเงินอื่นให้กิจการอื่น หรือที่จะแลกเปลี่ยนสินทรัพย์ทางการเงินหรือหนี้สินทางการเงินกับกิจการอื่นภายใต้เงื่อนไขที่จะทำให้บริษัทเสียประโยชน์ ที่บริษัทจะต้องจ่ายชำระเกินกว่า 12 เดือนนับจากวันสิ้นรอบระยะเวลารายงาน หรือเกินกว่ารอบระยะเวลาการดำเนินงานปกติของบริษัท นอกเหนือจากเลขอ้างอิงที่ 149 ถึง 163

หนี้สินทางการเงินไม่หมุนเวียนอื่น ประกอบด้วยเลขอ้างอิงที่ 165 ถึง 167"
222210,เงินมัดจำ,หมายถึง เงินมัดจำที่บริษัทได้รับมา และต้องจ่ายชำระคืนตามเงื่อนไขของสัญญา รวมถึงเงินประกันการเช่า เป็นระยะเวลาเกินกว่า 12 เดือนนับจากวันสิ้นรอบระยะเวลารายงาน หรือเกินกว่ารอบระยะเวลาการดำเนินงานปกติของบริษัท 
222220,เงินประกันผลงาน,หมายถึง เงินประกันผลงานที่บริษัทหักไว้เพื่อเป็นการประกันผลงานตามเงื่อนไขของสัญญา ซึ่งบริษัทคาดว่าจะต้องชำระคืนในระยะเวลาเกินกว่า 12 เดือนนับจากวันสิ้นรอบระยะเวลา หรือเกินกว่ารอบระยะเวลาการดำเนินงานปกติของบริษัท
222290,หนี้สินทางการเงินไม่หมุนเวียนอื่น - อื่น ๆ,หมายถึง หนี้สินทางการเงินอื่น ๆ ที่บริษัทต้องจ่ายชำระในระยะเวลาเกินกว่า 12 เดือนนับจากวันสิ้นรอบระยะเวลารายงาน หรือเกินกว่ารอบระยะเวลาการดำเนินงานปกติของบริษัท นอกเหนือจากเลขอ้างอิงที่ 165 ถึง 166 เช่น เจ้าหนี้จากการปรับโครงสร้างหนี้ หนี้ (ยกเว้นกรณีที่บริษัทสามารถระบุประเภทของเจ้าหนี้จากการปรับโครงสร้าหนี้ได้ เช่น เจ้าหนี้การค้า เจ้าหนี้หมุนเวียนอื่น หรือเงินกู้ยืม ที่จะจัดประเภทเป็นหนี้สินรายการนั้น ๆ)  เจ้าหนี้ค่าซื้อเงินลงทุน ค่าหุ้นค้างจ่าย เป็นต้น
222300,หนี้สินที่เกิดจากสัญญาและค่าเช่ารับล่วงหน้า - ไม่หมุนเวียน,"หมายถึง หนี้สินที่เกิดจากสัญญาที่ทำกับลูกค้า หรือภาระผูกพันของบริษัทในการโอนการควบคุมในสินค้าหรือบริการให้กับลูกค้า ซึ่งบริษัทได้รับค่าตอบแทนจากลูกค้าเป็นจำนวนเงินที่เกินกว่าสินค้าหรือบริการที่บริษัทจะต้องปฏิบัติตามสัญญา ทั้งนี้รวมถึง เงินรับล่วงหน้าจากลูกค้า เงินที่ชำระตามสัญญาในส่วนที่เกินกว่าภาระที่ต้องปฏิบัติที่ส่งมอบหรือปฏิบัติเสร็จสิ้นแล้ว และค่าเช่ารับล่วงหน้าจากสัญญาเช่าดำเนินงานที่บริษัทเป็นผู้ให้เช่า เฉพาะในส่วนที่ไม่หมุนเวียนซึ่งคือคาดว่าจะชำระในระยะเวลาเกินกว่า 12 เดือน หรือเกินกว่ารอบระยะเวลาการดำเนินงานปกติของบริษัท

หนี้สินที่เกิดจากสัญญาและค่าเช่ารับล่วงหน้า - ไม่หมุนเวียน ประกอบด้วยเลขอ้างอิงที่ 169 ถึง 171"
222310,ค่าเช่ารับล่วงหน้า,หมายถึง ค่าเช่าที่บริษัทรับล่วงหน้าจากลูกค้าภายใต้สัญญาดำเนินงานในส่วนที่ไม่หมุนเวียน (เกินกว่า 12 เดือน)
222320,รายได้รับล่วงหน้า - อื่น ๆ,หมายถึง หนี้สินที่เกิดจากสัญญาที่ทำกับลูกค้า หรือภาระผูกพันของบริษัทในการโอนการควบคุมในสินค้าหรือบริการให้กับลูกค้า ซึ่งบริษัทได้รับค่าตอบแทนจากลูกค้าเป็นจำนวนเงินที่เกินกว่าสินค้าหรือบริการที่บริษัทจะต้องปฏิบัติตามสัญญา ทั้งนี้ รวมถึง เงินรับล่วงหน้าจากลูกค้า เงินที่ชำระตามสัญญาในส่วนที่เกินกว่าภาระที่ต้องปฏิบัติที่ส่งมอบหรือปฏิบัติเสร็จสิ้นแล้ว เฉพาะในส่วนที่ไม่หมุนเวียน
222390,หนี้สินที่เกิดจากสัญญาและค่าเช่ารับล่วงหน้า - อื่น ๆ,หมายถึง หนี้สินที่เกิดจากสัญญาและค่าเช่ารับล่วงหน้าที่นอกเหนือจากเลขอ้างอิงที่ 169 ถึง 170 เฉพาะในส่วนที่ไม่หมุนเวียน
222800,ประมาณการหนี้สินระยะยาว,หมายถึง ประมาณการหนี้สินอื่น ที่มีความไม่แน่นอนเกี่ยวกับจังหวะเวลา และ/หรือ จำนวนที่ต้องจ่ายชำระ และบริษัทคาดว่าจะต้องจ่ายชำระในระยะเวลาเกินกว่า 12 เดือนนับจากวันสิ้นรอบระยะเวลารายงาน นอกเหนือจากเลขอ้างอิงที่ 173 “ประมาณการหนี้สินผลประโยชน์พนักงาน - ไม่หมุนเวียน”
222700,ประมาณการหนี้สินผลประโยชน์พนักงาน - ไม่หมุนเวียน,หมายถึง ประมาณการหนี้สินผลประโยชน์ของพนักงานหลังออกจากงาน (ทั้งในกรณีที่บริษัทไม่ได้แยกแสดงเป็นส่วนที่หมุนเวียนและส่วนที่ไม่หมุนเวียน และกรณีที่บริษัทแยกแสดงเป็นรายการในส่วนที่ส่วนที่หมุนเวียนและไม่หมุนเวียน) หรือ ผลประโยชน์เมื่อเลิกจ้าง และผลประโยชน์ระยะยาวอื่น ซึ่งคาดว่าบริษัทจะต้องจ่ายชำระเป็นระยะเวลาเกินกว่า 12 เดือนนับจากวันสิ้นรอบระยะเวลารายงาน ซึ่งหนี้สินดังกล่าวมีความไม่แน่นอนเกี่ยวกับจังหวะเวลา และ/หรือจำนวนที่ต้องจ่ายชำระ
223100,ส่วนแบ่งผลขาดทุนที่เกินกว่าเงินลงทุนในบริษัทย่อย บริษัทร่วม และการร่วมค้า,หมายถึง ภาระผูกพันที่เกิดจากเงินลงทุนหรือส่วนได้เสียในบริษัทย่อย บริษัทร่วม และการร่วมค้า หรือส่วนแบ่งผลขาดทุนในส่วนที่เกินกว่าจำนวนเงินลงทุนและส่วนได้เสียระยะยาวในบริษัทย่อย บริษัทร่วม และการร่วมค้า ตามวิธีส่วนได้เสีย หากบริษัทผู้ลงทุนต้องร่วมรับส่วนแบ่งผลขาดทุนนั้น 
223200,หนี้สินภาษีเงินได้รอตัดบัญชี,หมายถึง จำนวนภาระผูกพันที่บริษัทต้องจ่ายชำระเกี่ยวกับภาษีเงินได้ในอนาคต ในส่วนที่เกิดจากผลแตกต่างชั่วคราวที่ต้องเสียภาษี
224000,เจ้าหนี้ที่เกิดจากภาษีอื่นหรือรายการอื่นภายใต้กฎหมาย - ไม่หมุนเวียน,"หมายถึง เจ้าหนี้ที่เกิดจากภาษีอื่นหรือรายการอื่นภายใต้กฎหมายซึ่งบังคับใช้กับบริษัท ที่บริษัทต้องชำระภายในระยะเวลา 12 เดือนนับจากวันสิ้นรอบระยะเวลารายงาน นอกเหนือจากเลขอ้างอิงที่ 175

เจ้าหนี้ที่เกิดจากภาษีอื่นหรือรายการอื่นภายใต้กฎหมาย - หมุนเวียน ประกอบด้วยเลขอ้างอิงที่ 177 ถึง 179"
224010,เจ้าหนี้ภาษีค้างจ่าย,หมายถึง ค่าภาษีหรืออากรค้างจ่าย เช่น ภาษีมูลค่าเพิ่มรอนำส่ง ภาษีสรรพสามิต ค่าอากรจ่ายแก่กรมศุลกากร ที่บริษัทคาดว่าจะต้องจ่ายเป็นระยะเวลาเกินกว่า 12 เดือนนับจากวันสิ้นรอบระยะเวลารายงาน
224020,เจ้าหนี้กองทุนน้ำมันเชื้อเพลิง,หมายถึง เจ้าหนี้เงินนำส่งกองทุนน้ำมันเชื้อเพลิงตามพระราชบัญญัติกองทุนน้ำมันเชื้อเพลิง ซึ่งจะถึงกำหนดชำระเป็นระยะเวลาเกินกว่า 2 เดือนนับจากวันสิ้นรอบระยะเวลารายงาน
224030,เจ้าหนี้กองทุนพัฒนาไฟฟ้า,หมายถึง เจ้าหนี้เงินนำส่งที่เกิดจากกองทุนพัฒนาไฟฟ้าตามพระราชบัญญัติการประกอบกิจการพลังงาน ซึ่งจะถึงกำหนดชำระเป็นระยะเวลาเกินกว่า 12 เดือนนับจากวันสิ้นรอบระยะเวลารายงาน
224090,เจ้าหนี้ที่เกิดจากภาษีอื่นหรือรายการอื่นภายใต้กฎหมาย - อื่น ๆ,หมายถึง เจ้าหนี้ที่เกิดจากภาษีอื่นหรือรายการอื่นภายใต้กฎหมายซึ่งบังคับใช้กับบริษัท โดยจะถึงกำหนดเป็นระยะเวลาเกินกว่า 12 เดือนนับจากวันสิ้นรอบระยะเวลารายงาน นอกเหนือจากเลขอ้างอิงที่ 177 ถึง 179
229900,หนี้สินไม่หมุนเวียนอื่น,หมายถึง หนี้สินไม่หมุนเวียนอื่นใด นอกเหนือจากเลขอ้างอิงที่ 149 ถึง 180
229999,รวมหนี้สินไม่หมุนเวียน,รวมหนี้สินไม่หมุนเวียน เป็นผลรวมของเลขอ้างอิงที่ 149 ถึง 181
209999,รวมหนี้สิน,รวมหนี้สิน เป็นผลรวมของเลขอ้างอิงที่ 147 และ 182
300000,ส่วนของผู้ถือหุ้น,ส่วนของผู้ถือหุ้น ประกอบด้วยเลขอ้างอิงที่ 185 ถึง 222
310100,ทุนจดทะเบียน,"หมายถึง ทุนที่จดทะเบียนตามกฎหมายของบริษัท ให้แสดงเป็นหุ้นแต่ละชนิดแยกตามประเภทที่จดทะเบียน ประกอบด้วยหุ้นบุริมสิทธิ (Preference shares) และหุ้นสามัญ (Ordinary shares)

ทุนจดทะเบียน ประกอบด้วยเลขอ้างอิงที่ 186 ถึง 187"
310110,หุ้นบุริมสิทธิจดทะเบียน,หมายถึง หุ้นบุริมสิทธิตามที่จดทะเบียน
310120,หุ้นสามัญจดทะเบียน,หมายถึง หุ้นสามัญตามที่จดทะเบียน
310200,ทุนที่ออกและชำระแล้ว,"หมายถึง จำนวนหุ้นและมูลค่าหุ้นที่ได้นำออกจำหน่ายและเรียกให้ชำระมูลค่าหุ้นแล้ว ให้แสดงเป็นหุ้นแต่ละชนิด ประกอบด้วยหุ้นบุริมสิทธิ (Preference shares) และหุ้นสามัญ (Ordinary shares)

ทุนที่ออกและชำระแล้ว ประกอบด้วยเลขอ้างอิงที่ 189 ถึง 190"
310210,หุ้นบุริมสิทธิชำระแล้ว,หมายถึง หุ้นบุริมสิทธิที่ออกจำหน่ายและเรียกชำระแล้ว
310220,หุ้นสามัญชำระแล้ว,หมายถึง หุ้นสามัญที่ออกจำหน่ายและเรียกชำระแล้ว
310300,ใบสำคัญแสดงสิทธิ สิทธิซื้อหุ้น และสิทธิในการเลือกซื้อหุ้น,หมายถึง มูลค่าของสิทธิที่บริษัทออกให้แก่ผู้ถือหุ้นในการซื้อหุ้นสามัญหรือหุ้นบุริมสิทธิของบริษัท
310400,ส่วนเกิน (ต่ำกว่า) มูลค่าหุ้น,"หมายถึง เงินหรือมูลค่าของสิ่งตอบแทนที่ได้รับจากการขายหุ้นส่วนที่สูงหรือต่ำกว่ามูลค่าที่ตราไว้ของหุ้นสามัญและหุ้นบุริมสิทธิ หากมีทั้งส่วนเกินและส่วนต่ำกว่ามูลค่าหุ้น สามารถนำรายการดังกล่าวมาหักกลบกันและแสดงเป็นมูลค่าสุทธิได้

ส่วนเกิน (ต่ำกว่า) มูลค่าหุ้น ประกอบด้วยเลขอ้างอิงที่ 193 ถึง 194"
310410,ส่วนเกิน (ต่ำกว่า) มูลค่าหุ้นบุริมสิทธิ,หมายถึง ส่วนเกินและส่วนต่ำกว่ามูลค่าที่ตราไว้ เมื่อเทียบกับจำนวนที่ได้รับจากการออกหุ้นบุริมสิทธิ
310420,ส่วนเกิน (ต่ำกว่า) มูลค่าหุ้นสามัญ,หมายถึง ส่วนเกินและส่วนต่ำกว่ามูลค่าที่ตราไว้ เมื่อเทียบกับจำนวนที่ได้รับจากการออกหุ้นสามัญ
310500,หุ้นกู้ที่มีลักษณะคล้ายทุน,หมายถึง ตราสารที่บริษัทออกให้แก่ผู้ถือตราสารโดยการกำหนดสิทธิของผู้ถือตราสารไว้ด้อยกว่าสิทธิของเจ้าหนี้สามัญทั่วไป ซึ่งลักษณะ ระยะเวลาการจ่ายชำระของผู้ออกตราสาร และเงื่อนไข รวมถึงข้อกำหนดสิทธิของผู้ถือตราสารจะเป็นไปตามที่ระบุไว้ในแบบแสดงรายการข้อมูลการเสนอขายตราสาร เช่น ประเภทของตราสาร การระบุระยะเวลาการไถ่ถอน และการระบุระยะเวลาการจ่ายชำระดอกเบี้ย เป็นต้น ซึ่งโดยทั่วไปจะไม่มีการกำหนดระยะเวลาการไถ่ถอนที่แน่นอน ทั้งนี้ เฉพาะในกรณีที่เข้าเงื่อนไขของการจัดประเภทเป็นส่วนของทุน
310600,กำไร (ขาดทุน) สะสม,กำไร (ขาดทุน) สะสม ประกอบด้วยเลขอ้างอิงที่ 197 ถึง 201
310610,กำไรสะสม - จัดสรรแล้ว,"หมายถึง กำไรสะสมในส่วนที่จัดสรรไว้

กำไรสะสม - จัดสรรแล้ว ประกอบด้วยเลขอ้างอิงที่ 198 ถึง 200"
310611,สำรองตามกฎหมาย,หมายถึง ทุนสำรองที่กันไว้ตามกฎหมาย 
310612,สำรองหุ้นทุนซื้อคืน,หมายถึง กำไรสะสมที่จัดสรรไว้เพื่อเป็นทุนสำรองสำหรับหุ้นทุนซื้อคืน
310619,สำรองอื่น ๆ,หมายถึง จำนวนที่จัดสรรจากกำไรสะสมเพื่อการอื่นใด นอกเหนือจากเลขอ้างอิงที่ 198 และ 199  “สำรองสำหรับหุ้นทุนซื้อคืน” ที่ได้แยกแสดงตามรายการข้างต้น เช่น กำไรสะสมที่จัดสรรไว้เพื่อเป็นทุนสำรองสำหรับการรักษาระดับเงินปันผล กำไรสะสมที่จัดสรรไว้เพื่อเป็นทุนสำรองสำหรับการขยายบริษัท หรือตามเงื่อนไขของภาระผูกพันอื่น ๆ เป็นต้น
310620,กำไร (ขาดทุน) สะสม - ยังไม่ได้จัดสรร,หมายถึง กำไร (ขาดทุน) สะสมเมื่อสิ้นรอบระยะเวลารายงาน ที่คงเหลือหลังจากหักจำนวนที่ได้มีการจัดสรรแล้ว
310700,หุ้นทุนซื้อคืน,หมายถึง หุ้นสามัญ หุ้นบุริมสิทธิ และตราสารทุนอื่นที่มีสิทธิและลักษณะเทียบเท่าหุ้นสามัญของบริษัทซึ่งบริษัทได้ซื้อคืนกลับมา หุ้นทุนซื้อคืนไม่ได้เป็นสินทรัพย์ของบริษัท แต่เป็นการลดสิทธิเรียกร้องของผู้ถือหุ้นในสินทรัพย์ของบริษัทโดยให้แสดงเป็นรายการหักจากส่วนของเจ้าของ
310800,หุ้นของบริษัทที่ถือโดยบริษัทย่อย,หมายถึง หุ้นสามัญ หุ้นบุริมสิทธิและตราสารทุนอื่นที่มีสิทธิและลักษณะเทียบเท่าหุ้นสามัญของบริษัทซึ่งบริษัทย่อยของบริษัทได้ซื้อคืนกลับมา หุ้นของบริษัทที่ถือโดยบริษัทย่อยให้แสดงเป็นรายการหักจากส่วนของเจ้าของ
319900,องค์ประกอบอื่นของส่วนของผู้ถือหุ้น,"หมายถึง ผลสะสมเมื่อสิ้นรอบระยะเวลารายงานของกำไรขาดทุนเบ็ดเสร็จอื่น และ/หรือ รายการอื่นของการเปลี่ยนแปลงที่เกิดจากผู้ถือหุ้น (Owner changes) นอกเหนือจากเลขอ้างอิงที่ 185 ถึง 203

องค์ประกอบอื่นของส่วนของผู้ถือหุ้น ประกอบด้วยเลขอ้างอิงที่ 205 ถึง 219"
319910,ส่วนเกิน (ต่ำกว่า) ทุนอื่น,"หมายถึง ส่วนเกิน (ต่ำกว่า) ทุน ที่เกิดจากรายการอื่น ๆ ที่ไม่เกี่ยวข้องกับการจำหน่ายหุ้น
 
ส่วนเกิน (ต่ำกว่า) ทุน ประกอบด้วยเลขอ้างอิงที่ 206 ถึง 214"
319911,ส่วนเกิน (ต่ำกว่า) ทุนจากหุ้นทุนซื้อคืน,หมายถึง ผลต่างจากการที่บริษัทสามารถจำหน่ายหรือออกหุ้นทุนซื้อคืนในมูลค่าที่สูงกว่า (ต่ำกว่า) ราคาทุนที่บริษัทซื้อหุ้นทุนกลับคืนมา ทั้งนี้ ส่วนเกิน (ต่ำกว่า) ทุน หุ้นทุนซื้อคืนต้องเป็นยอดสุทธิจากส่วนต่ำกว่า (ส่วนเกิน) ทุนจากหุ้นทุนซื้อคืนประเภทเดียวกัน
319912,ส่วนเกินทุนจากการตีราคาสินทรัพย์ถาวร,หมายถึง ส่วนเกินทุนจากการตีราคาของสินทรัพย์ถาวร ซึ่งแสดงเป็นยอดสุทธิจากจำนวนที่ลดลงจากส่วนเกินทุนจากการตีราคา
319913,ส่วนเกิน (ต่ำกว่า) ทุนจากการวัดมูลค่าเงินลงทุนในตราสารหนี้ด้วยมูลค่ายุติธรรมผ่านกำไรขาดทุนเบ็ดเสร็จอื่น,หมายถึง ส่วนต่างระหว่างมูลค่าที่คำนวณตามวิธีราคาทุนตัดจำหน่ายกับมูลค่ายุติธรรมของเงินลงทุนในตราสารหนี้ที่รับรู้ผ่านกำไรขาดทุนเบ็ดเสร็จอื่น
319914,ส่วนเกิน (ต่ำกว่า) ทุนจากการวัดมูลค่าเงินลงทุนในตราสารทุนด้วยมูลค่ายุติธรรมผ่านกำไรขาดทุนเบ็ดเสร็จอื่น,หมายถึง ส่วนต่างระหว่างราคาทุนกับมูลค่ายุติธรรมของเงินลงทุนในตราสารทุนที่วัดมูลค่าด้วยมูลค่ายุติธรรมผ่านกำไรขาดทุนเบ็ดเสร็จอื่น
319915,ส่วนเกิน (ต่ำกว่า) ทุนจากหนี้สินทางการเงินที่กำหนดให้วัดมูลค่ายุติธรรมผ่านกำไรขาดทุนอันเนื่องมาจากความเสี่ยงด้านเครดิต,หมายถึง ส่วนที่เกิดจากการเปลี่ยนแปลงในมูลค่ายุติธรรมของหนี้สินทางการเงิน เฉพาะในส่วนที่เกิดจากการเปลี่ยนแปลงด้านเครดิต
319916,ส่วนเกิน (ต่ำกว่า) ทุนจากการรวมธุรกิจภายใต้การควบคุมเดียวกัน,หมายถึง ส่วนต่างระหว่างจำนวนที่จ่ายไปเพื่อการรวมธุรกิจภายใต้การควบคุมเดียวกัน (ซึ่งคือผลรวมของมูลค่ายุติธรรมของสินทรัพย์ที่ให้ไป หนี้สินที่เกิดขึ้นหรือรับมา และตราสารทุนที่ออกโดยผู้ซื้อ ณ วันที่มีการแลกเปลี่ยนเพื่อให้ได้มาซึ่งการควบคุม) กับส่วนได้เสียของผู้ซื้อในมูลค่าตามบัญชีของกิจการที่ถูกนำมารวม ซึ่งรับรู้โดยตรงในส่วนของเจ้าของ
319917,ส่วนเกิน (ต่ำกว่า) ทุนจากการทำสัญญาป้องกันความเสี่ยงจากกระแสเงินสด,หมายถึง ผลสะสมของกำไร (ขาดทุน) จากการวัดมูลค่ายุติธรรมเครื่องมือที่ใช้ในการป้องกันความเสี่ยงในกระแสเงินสด เฉพาะส่วนที่มีประสิทธิผล
319921,ส่วนเกิน (ต่ำกว่า) ทุนจากการเปลี่ยนแปลงส่วนได้เสียในความเป็นเจ้าของในบริษัทย่อย,หมายถึง ส่วนต่างระหว่างมูลค่ายุติธรรมของจำนวนที่จ่ายไปหรือรับมา  และสัดส่วนของส่วนได้เสียที่ไม่มีอำนาจควบคุมที่ลดลงหรือเพิ่มขึ้น สำหรับรายการที่บริษัทใหญ่ไม่ได้สูญเสียการควบคุมในบริษัทย่อย (รายการกับเจ้าของในฐานะที่เป็นเจ้าของ) 
319919,ส่วนเกิน (ต่ำกว่า) ทุน - อื่น ๆ,หมายถึง ส่วนเกิน (ต่ำกว่า) ทุน รายการอื่น ๆ นอกเหนือจากเลขอ้างอิงที่ 206 ถึง 213
319920,ส่วนของทุนที่เกิดจากรายการจ่ายโดยใช้หุ้นเป็นเกณฑ์,หมายถึง การเพิ่มขึ้นของส่วนของเจ้าของสำหรับการจ่ายโดยใช้หุ้นเป็นเกณฑ์ประเภทการจ่ายชำระด้วยตราสารทุน (Equity-settled share-based payments)
319930,ส่วนของทุนที่เกิดจากรายการการซื้อธุรกิจแบบย้อนกลับ,หมายถึง ส่วนของทุนที่เกิดจากการที่บริษัทมีการซื้อธุรกิจแบบย้อนกลับ (ซึ่งคือผู้ซื้อตามกฎหมาย ซึ่งในหลายกรณีคือบริษัทที่จัดทำงบการเงินรวมนั้นเอง จะรับรู้รายการประหนึ่งว่า บริษัทที่เป็นผู้ซื้อนั้นคือบริษัทผู้ถูกซื้อตามกฎหมาย หรือเป็นบริษัทผู้ซื้อทางบัญชี ทำรายการซื้อกิจการของผู้ซื้อทางกฎหมาย หรือผู้ถูกซื้อทางบัญชี) ส่วนต่างที่เกิดขึ้นจะรับรู้เป็นส่วนของทุนที่เกิดจากรายการการซื้อธุรกิจแบบย้อนกลับ
319940,เงินรับล่วงหน้าค่าหุ้น,หมายถึง เงินหรือมูลค่าของสิ่งตอบแทนที่ได้รับล่วงหน้าจากผู้ลงทุนเพื่อจ่ายชำระค่าหุ้น
319950,ผลต่างอัตราแลกเปลี่ยนจากการแปลงค่างบการเงิน,หมายถึง ผลต่างของอัตราแลกเปลี่ยนจากการแปลงค่างบการเงินที่เป็นเงินตราต่างประเทศของหน่วยงานในต่างประเทศ ซึ่งรวมผลจากการป้องกันความเสี่ยงในเงินลงทุนสุทธิในหน่วยงานต่างประเทศ เฉพาะส่วนที่มีประสิทธิผลในหน่วยงานในต่างประเทศ หมายถึง บริษัทย่อย บริษัทร่วม การร่วมค้า หรือสาขาของบริษัทที่เสนอรายงาน ซึ่งมีกิจกรรมหรือการประกอบกิจกรรมในประเทศอื่น หรือในสกุลเงินอื่น นอกจากประเทศหรือสกุลเงินของบริษัทที่เสนอรายงาน
319990,องค์ประกอบอื่นของส่วนของผู้ถือหุ้น - อื่นๆ,หมายถึง ส่วนได้เสียอื่นในความเป็นเจ้าของในบริษัทของผู้ลงทุน และส่วนของทุนอื่น ๆ นอกเหนือจากเลขอ้างอิงที่ 205 ถึง 219
319999,รวมส่วนของผู้ถือหุ้นของบริษัทใหญ่,รวมส่วนของผู้ถือหุ้นของบริษัทใหญ่ เป็นรายการสุทธิของเลขอ้างอิงที่ 185 ถึง 219
320130,ส่วนได้เสียที่ไม่มีอำนาจควบคุม,หมายถึง ส่วนได้เสียในบริษัทย่อยที่ไม่ได้เป็นส่วนได้เสียของบริษัทใหญ่ ทั้งทางตรงและทางอ้อม เช่น บริษัทย่อยในลำดับถัดไป
309998,รวมส่วนของผู้ถือหุ้น,รวมส่วนของผู้ถือหุ้น เป็นผลรวมของเลขอ้างอิงที่ 220 ถึง 221
309999,รวมหนี้สินและส่วนของผู้ถือหุ้น,รวมหนี้สินและส่วนของผู้ถือหุ้น เป็นผลรวมของเลขอ้างอิงที่ 183 และ 223
400000,งบกำไรขาดทุนเบ็ดเสร็จ,งบกำไรขาดทุนเบ็ดเสร็จ ประกอบด้วยเลขอ้างอิงที่ 225 ถึง 313
410000,รายได้,รายได้ ประกอบด้วยเลขอ้างอิงที่ 226 ถึง 240
410100,รายได้จากการดำเนินธุรกิจ,"หมายถึง รายได้ซึ่งเกิดจากกิจกรรมตามปกติธุรกิจของบริษัท เช่น รายได้ที่เกิดจากการขายสินค้าหรือการให้บริการซึ่งเป็นธุรกิจหลักของบริษัทเพื่อแลกเปลี่ยนกับเงินสด หรือสิทธิเรียกร้องให้ชำระเงิน หรือสิ่งอื่นใดที่มีมูลค่าคิดเป็นเงินได้ โดยให้แยกแสดงเป็นรายได้หลักแต่ละประเภท เช่น รายได้จากการขายสินค้า รายได้จากการให้บริการ รายได้ค่าสิทธิ เป็นต้น 

รายได้จากการดำเนินธุรกิจ ประกอบด้วยเลขอ้างอิงที่ 227 ถึง 235"
410101,รายได้จากการขายและให้บริการ,หมายถึง รายได้ที่เกิดจากการขายสินค้าและให้บริการของบริษัท
410102,รายได้จากการขาย,หมายถึง รายได้ที่เกิดจากการขายสินค้า
410103,รายได้จากการให้บริการ,หมายถึง รายได้ที่เกิดจากการให้บริการ
410104,รายได้ค่าสิทธิ,หมายถึง รายได้ที่เกิดจากการให้สิทธิในทรัพย์สินทางปัญญาของบริษัท แยกออกจากข้อตกลงในการขายสินค้าหรือบริการอื่น
410105,รายได้จากสัญญาเช่า,"หมายถึง รายได้ที่เกิดจากการที่บริษัทเป็นผู้ให้เช่าสินทรัพย์แก่ผู้เช่า 
รายได้จากสัญญาเช่า ประกอบด้วยเลขอ้างอิงที่ 232 ถึง 233
"
410106,รายได้ค่าเช่า,หมายถึง รายได้ที่เกิดจากการที่บริษัทเป็นผู้ให้เช่าสินทรัพย์แก่ผู้เช่า ในส่วนประกอบที่เป็นการเช่า
410107,รายได้ทางการเงินจากสัญญาเช่า,หมายถึง รายได้ดอกเบี้ยที่เกิดจากสัญญาเช่าเงินทุน (เดิมเรียกว่าสัญญาเช่าการเงิน)
410114,รายได้จากการลงทุน,หมายถึง ผลตอบแทนที่เกิดจากการให้ผู้อื่นใช้สินทรัพย์ของบริษัทและก่อให้เกิดรายได้ ซึ่งเป็นธุรกิจหลักของบริษัท (เช่น บริษัทที่ประกอบธุรกิจโดยมีรายได้จากการถือตราสารในบริษัทอื่นเป็นหลักและไม่มีการประกอบธุรกิจอย่างมีนัยสำคัญเป็นของตนเอง) ประกอบด้วย รายได้ดอกเบี้ย ซึ่งเป็นค่าตอบแทนอันเกิดจากการให้ผู้อื่นใช้เงินสด รายการเทียบเท่าเงินสด หรือจำนวนค้างรับของบริษัท และ รายได้เงินปันผล ซึ่งเป็นส่วนแบ่งกำไร ที่ผู้ถือเงินลงทุนในตราสารทุนจะได้รับตามสัดส่วนของเงินลงทุนที่ถือ 
410199,รายได้จากการดำเนินธุรกิจ - อื่น ๆ,หมายถึง รายได้จากการดำเนินธุรกิจตามปกติของบริษัท นอกเหนือจากเลขอ้างอิงที่ 227 ถึง 234
410300,รายได้ดอกเบี้ยและเงินปันผล,"หมายถึง รายได้ซึ่งเกิดจากการถือตราสารหนี้หรือตราสารทุนในบริษัทอื่น 
รายได้จากดอกเบี้ยและเงินปันผล ประกอบด้วยเลขอ้างอิงที่ 237 ถึง 238"
410108,รายได้ดอกเบี้ย,หมายถึง รายได้จากค่าตอบแทนอันเกิดจากการให้ผู้อื่นใช้เงินสด ทั้งในส่วนที่ได้รับเป็นเงินสด รายการเทียบเท่าเงินสด หรือจำนวนค้างรับ 
410202,รายได้เงินปันผล,หมายถึง ส่วนแบ่งกำไรที่บริษัทได้รับตามสัดส่วนของเงินลงทุนที่ถือในฐานะผู้ถือเงินลงทุน
410200,รายได้อื่น,หมายถึง รายได้อื่น ๆ นอกเหนือจากเลขอ้างอิงที่ 226 ถึง 238 เช่น รายได้ค่าตอบแทนที่เกิดจากการให้ผู้อื่นใช้สินทรัพย์ของบริษัท ในกรณีที่บริษัทมีรายได้หลักจากการประกอบธุรกิจอื่น โดยอาจประกอบด้วย รายได้ดอกเบี้ยซึ่งเป็นค่าตอบแทนอันเกิดจากการให้ผู้อื่นใช้เงินสด รายการเทียบเท่าเงินสด หรือจำนวนค้างรับของบริษัท และรายได้เงินปันผลซึ่งเป็นส่วนแบ่งกำไรที่ผู้ถือเงินลงทุนในตราสารทุนจะได้รับตามสัดส่วนของเงินลงทุนที่ถือ
419999,รวมรายได้,รวมรายได้ เป็นผลรวมของเลขอ้างอิงที่ 226 ถึง 239
420000,ต้นทุนและค่าใช้จ่าย,ต้นทุนและค่าใช้จ่าย ประกอบด้วยเลขอ้างอิงที่ 242 ถึง 260
420400,ต้นทุน,"หมายถึง ต้นทุนของสินค้าที่ขาย ต้นทุนการให้บริการ หรือต้นทุนการให้ใช้สิทธิ ซึ่งรวมถึงราคาซื้อ ต้นทุนการผลิต และค่าใช้จ่ายต่าง ๆ ที่จ่ายไปเพื่อให้สินค้าอยู่ในสภาพพร้อมที่จะขาย รวมถึงค่าเผื่อการลดมูลค่าสินค้า ค่าใช้จ่ายการผลิตในส่วนที่ไม่มีประสิทธิภาพ การด้อยค่าของสินทรัพย์ถาวรที่ใช้ในกระบวนการผลิต โดยแยกแสดงเป็นต้นทุนตามประเภทของธุรกิจหลักของบริษัท เช่น ต้นทุนของสินค้าที่ขาย ต้นทุนของการให้บริการ เป็นต้น

ต้นทุน ประกอบด้วยเลขอ้างอิงที่ 243 ถึง 245"
420410,ต้นทุนขาย,หมายถึง ต้นทุนสินค้าที่ขาย และต้นทุนขายอื่น ๆ
420420,ต้นทุนการให้บริการ,หมายถึง ต้นทุนบริการที่ให้ 
420430,ต้นทุนค่าเช่า,หมายถึง ต้นทุนที่เกี่ยวข้องกับการให้เช่า
422100,ค่าใช้จ่ายในการขายและบริหาร,"หมายถึง ค่าใช้จ่ายในการขายและการบริหารที่เกิดขึ้น

ค่าใช้จ่ายในการขายและบริหาร ประกอบด้วยเลขอ้างอิงที่ 247 ถึง 248"
422110,ค่าใช้จ่ายในการขาย,หมายถึง ค่าใช้จ่ายที่เกิดขึ้นอันเนื่องมาจากการจัดจำหน่ายและโฆษณา เช่น ค่าขนส่ง ค่าส่งเสริมการขาย ค่านายหน้า เงินเดือนและค่าตอบแทนพนักงานขาย ค่าเสื่อมราคาสำนักงานขายหรือสาขา เป็นต้น
422120,ค่าใช้จ่ายในการบริหาร,หมายถึง ค่าใช้จ่ายทั่วไปที่เกิดขึ้นในการบริหารบริษัทอันเป็นส่วนรวม เช่น ค่าเช่าอาคารสำนักงาน ค่าน้ำและค่าไฟสำนักงาน เป็นต้น
430600,สินค้าคงเหลือ (เพิ่มขึ้น) ลดลง,หมายถึง ผลต่างของมูลค่าสินค้าคงเหลือ ณ วันต้นรอบระยะเวลารายงานและวันสิ้นรอบระยะเวลารายงาน
422300,ค่าใช้จ่ายในการผลิตและบริการ,หมายถึง ค่าใช้จ่ายต่าง ๆ ที่ใช้ในการผลิตสินค้าและบริการในรอบระยะเวลา ประกอบด้วย ค่าวัตถุดิบทางตรง ค่าแรงงานทางตรง และค่าใช้จ่ายการผลิตอื่น ๆ เช่น ค่าเสื่อมราคา ค่าแรงงานทางอ้อมที่ปันส่วนมา ค่าวัตถุดิบอื่น ๆ ที่ปันส่วนมา เป็นต้น
422700,ค่าใช้จ่ายภายใต้สัญญาและใบอนุญาตให้ดำเนินการ,หมายถึง ค่าใช้จ่ายที่เกิดขึ้นภายใต้สัญญาและ/หรือใบอนุญาตให้ดำเนินการ กับหน่วยงานของรัฐ
422400,ค่าใช้จ่ายผลประโยชน์พนักงาน,หมายถึง สิ่งตอบแทนทุกรูปแบบที่บริษัทให้เพื่อแลกเปลี่ยนกับบริการที่ได้รับจากพนักงานหรือการเลิกจ้าง เช่น เงินเดือนและค่าแรง เงินประกันสังคม เงินสวัสดิการ และผลประโยชน์อื่น ๆ ของพนักงาน เป็นต้น
422500,ค่าเสื่อมราคาและค่าตัดจำหน่าย,หมายถึง การปันส่วนจำนวนที่คิดค่าเสื่อมราคาของสินทรัพย์อย่างมีระบบตลอดอายุการให้ประโยชน์ของสินทรัพย์นั้น ในกรณีเป็นสินทรัพย์ไม่มีตัวตนให้ใช้คำว่า “ค่าตัดจำหน่าย” แทนคำว่า “ค่าเสื่อมราคา” โดยให้รวมถึงค่าตัดจำหน่ายสินทรัพย์สิทธิการใช้ด้วย
422600,ค่าตอบแทนกรรมการและผู้บริหาร,หมายถึง เงินหรือทรัพย์สินอื่นใดที่จ่ายให้กรรมการและผู้บริหารตามมาตรา 90 ของพระราชบัญญัติบริษัทมหาชนจำกัด พ.ศ. 2535
422800,ค่าใช้จ่ายในการวิจัยและพัฒนา,หมายถึง รายจ่ายที่เกิดจากการวิจัย (หรือเกิดจากขั้นตอนการวิจัยของโครงการภายใน) และรายจ่ายที่เกิดจากการพัฒนาซึ่งไม่เป็นไปตามเงื่อนไขการรับรู้รายจ่ายเป็นสินทรัพย์ไม่มีตัวตน)
430700,(กลับรายการ) ผลขาดทุนด้านเครดิตที่คาดว่าจะเกิดขึ้น,"หมายถึง จำนวนเงินที่บริษัทรับรู้ผลขาดทุนด้านเครดิตที่คาดว่าจะเกิดขึ้น (หรือกลับรายการผลขาดทุน) ตามมาตรฐานการรายงานทางการเงิน ฉบับที่ 9 เรื่อง เครื่องมือทางการเงิน 

ผลขาดทุนด้านเครดิต หมายถึง ผลต่างระหว่างกระแสเงินสดตามสัญญาทั้งหมดซึ่งบริษัทต้องได้รับ กับ กระแสเงินสดทั้งหมดซึ่งบริษัทคาดว่าจะได้รับ (ซึ่งก็คือ จำนวนเงินที่คาดว่าจะไม่ได้รับ) คิดลดด้วยอัตราดอกเบี้ยที่แท้จริงเมื่อเริ่มแรก หรืออัตราดอกเบี้ยที่แท้จริงปรับด้วยความเสี่ยงด้านเครดิตสำหรับสินทรัพย์ทางการเงินที่มีการด้อยค่าด้านเครดิตเมื่อซื้อหรือเมื่อกำเนิด โดยในการประมาณกระแสเงินสดนั้น บริษัทต้องพิจารณาเงื่อนไขตามสัญญาทั้งหมดของเครื่องมือทางการเงิน (เช่น การชำระเงินก่อนครบกำหนด การขยายระยะเวลา สิทธิเลือกที่จะซื้อ และสิทธิเลือกที่มีลักษณะคล้ายคลึงกัน) ตลอดอายุของเครื่องมือทางการเงินที่คาดไว้นั้น รวมถึงกระแสเงินสดที่ได้มาจากการขายหลักประกันที่ถือไว้หรือส่วนปรับปรุงด้านเครดิตอื่น ๆ ซึ่งถือเป็นส่วนหนึ่งของเงื่อนไขตามสัญญา

กลับรายการผลขาดทุนด้านเครดิตที่คาดว่าจะเกิดขึ้น หมายถึง มูลค่าที่ลดลงของผลขาดทุนด้านเครดิตที่คาดว่าจะเกิดขึ้นสำหรับสินทรัพย์ทางการเงินที่บริษัทเคยรับรู้ไว้ในงวดก่อน"
430900,(กลับรายการ) ขาดทุนจากการด้อยค่า,"หมายถึง ผลแตกต่างระหว่างมูลค่าตามบัญชีของสินทรัพย์ (หรือหน่วยของสินทรัพย์ที่ก่อให้เกิดเงินสด) ที่สูงกว่ามูลค่าที่คาดว่าจะได้รับคืน  

กลับรายการขาดทุนด้อยค่าของสินทรัพย์ หมายถึง มูลค่าที่ลดลงของผลขาดทุนจากการด้อยค่าของสินทรัพย์ (หรือหน่วยของสินทรัพย์ที่ก่อให้เกิดเงินสด) ที่บริษัทเคยรับรู้ไว้ในงวดก่อน 

ทั้งนี้ ไม่รวมเลขอ้างอิงที่ 256 “(กลับรายการ) ผลขาดทุนด้านเครดิตที่คาดว่าจะเกิดขึ้น”  "
431000,(กลับรายการ) ขาดทุนจากการลดมูลค่าของสินค้าคงเหลือ,"หมายถึง ผลแตกต่างระหว่างราคาทุนที่สูงกว่ามูลค่าสุทธิที่คาดว่าจะได้รับคืนของสินค้าคงเหลือ 

กลับรายการขาดทุนด้อยค่าของสินค้าคงเหลือ หมายถึง มูลค่าผลขาดทุนที่ลดลงจากการลดมูลค่าของสินค้าคงเหลือที่บริษัทเคยรับรู้ไว้ในงวดก่อน"
429800,ค่าใช้จ่ายอื่น,หมายถึง ค่าใช้จ่ายอื่น นอกเหนือจากเลขอ้างอิงที่ 242 ถึง 258
429999,รวมต้นทุนและค่าใช้จ่าย,รวมต้นทุนและค่าใช้จ่าย เป็นผลรวมของเลขอ้างอิงที่ 242 ถึง 259
431100,ส่วนแบ่งกำไร (ขาดทุน) จากเงินลงทุนตามวิธีส่วนได้เสีย,หมายถึง ส่วนแบ่งกำไร (ขาดทุน) จากเงินลงทุนในบริษัทย่อย บริษัทร่วม หรือการร่วมค้า ซึ่งบันทึกตามวิธีส่วนได้เสีย
431200,รายได้ (ค่าใช้จ่าย) อื่น จากบริษัทย่อย บริษัทร่วม และการร่วมค้า,หมายถึง รายได้ (ค่าใช้จ่าย) อื่น จากบริษัทย่อย บริษัทร่วม และการร่วมค้า ที่บริษัทต้องรับรู้ ที่นอกเหนือจากเลขอ้างอิงที่ 261 “ส่วนแบ่งกำไร (ขาดทุน) จากเงินลงทุนตามวิธีส่วนได้เสีย”
439700,กำไร (ขาดทุน) อื่น,"หมายถึง กำไร (ขาดทุน) อื่น นอกเหนือจากเลขอ้างอิงที่ 261 ถึง 262

กำไร (ขาดทุน) อื่น ประกอบด้วยเลขอ้างอิงที่ 264 ถึง 276"
439710,กำไร (ขาดทุน) จากอัตราแลกเปลี่ยน,หมายถึง กำไร (ขาดทุน) จากการซื้อขายเงินตราต่างประเทศ จากการรับชำระหรือจ่ายชำระรายการที่เป็นเงินตราต่างประเทศ และจากการแปลงค่าของสินทรัพย์และหนี้สินที่เป็นเงินตราต่างประเทศเป็นสกุลเงินที่ใช้ในการดำเนินงาน
439720,กำไร (ขาดทุน) จากเครื่องมือทางการเงินที่วัดมูลค่าด้วยมูลค่ายุติธรรมผ่านกำไรหรือขาดทุน,"หมายถึง รายการดังต่อไปนี้
1. กำไร (ขาดทุน) จากการจำหน่าย และ การวัดมูลค่ายุติธรรมของสินทรัพย์ทางการเงินที่วัดมูลค่าด้วยมูลค่ายุติธรรมผ่านกำไรหรือขาดทุน 
2. การวัดมูลค่ายุติธรรมของหนี้สินทางการเงินเพื่อค้า
3. กำไร (ขาดทุน) สุทธิจากการเปลี่ยนแปลงมูลค่ายุติธรรมของหนี้สินทางการเงินที่วัดมูลค่าด้วยมูลค่ายุติธรรมผ่านกำไรหรือขาดทุน ซึ่งรวมถึงการเปลี่ยนแปลงในมูลค่ายุติธรรมของหนี้สินทางการเงินที่เป็นผลมาจากการเปลี่ยนแปลงความเสี่ยงด้านเครดิตของหนี้สินนั้น หากการแสดงผลกระทบของการเปลี่ยนแปลงดังกล่าวในกำไรขาดทุนเบ็ดเสร็จอื่น ทำให้เกิดหรือขยายความไม่เหมาะสมทางการบัญชีในกำไรหรือขาดทุน (Accounting mismatch in profit or loss)
4. กำไร (ขาดทุน) จากการวัดมูลค่ายุติธรรมของอนุพันธ์เพื่อค้าและเพื่อป้องกันความเสี่ยงที่ไม่ได้เลือกวิธีการบัญชีป้องกันความเสี่ยง และอนุพันธ์แฝงที่แยกรับรู้จากสัญญาหลัก 
5. กำไร (ขาดทุน) สุทธิจากการตัดรายการเครื่องมือทางการเงินที่กำหนดให้วัดมูลค่าด้วยมูลค่ายุติธรรมผ่านกำไรหรือขาดทุน"
439730,กำไร (ขาดทุน) จากการขายสินทรัพย์ทางการเงินที่ไม่ได้วัดมูลค่าด้วยมูลค่ายุติธรรมผ่านกำไรหรือขาดทุน,หมายถึง กำไร (ขาดทุน) จากการขายสินทรัพย์ทางการเงินประเภทตราสารหนี้ที่วัดมูลค่าด้วยมูลค่ายุติธรรมผ่านกำไรหรือขาดทุนเบ็ดเสร็จอื่นและสินทรัพย์ทางการเงินที่วัดมูลค่าด้วยราคาทุนตัดจำหน่าย
439740,กำไร (ขาดทุน) จากการขายสินทรัพย์ที่ไม่ใช่สินทรัพย์ทางการเงิน,หมายถึง กำไร (ขาดทุน) จากการขายสินทรัพย์อื่นที่ไม่ใช่สินทรัพย์ทางการเงิน เช่น กำไร (ขาดทุน) จากการจำหน่ายสินทรัพย์ถาวร เป็นต้น
439750,กำไร (ขาดทุน) จากการเปลี่ยนแปลงมูลค่ายุติธรรมของสินทรัพย์ที่ไม่ใช่สินทรัพย์ทางการเงิน,หมายถึง กำไร (ขาดทุน) จากการเปลี่ยนแปลงมูลค่ายุติธรรมของสินทรัพย์อื่นที่ไม่ใช่สินทรัพย์ทางการเงิน เช่น กำไร (ขาดทุน) จากการเปลี่ยนแปลงมูลค่ายุติธรรมของอสังหาริมทรัพย์เพื่อการลงทุน หากบริษัทเลือกใช้วิธีวัดมูลค่าด้วยวิธีมูลค่ายุติธรรม เป็นต้น
439760,กำไร (ขาดทุน) จากการจัดประเภทใหม่ของสินทรัพย์ทางการเงิน,"หมายถึง กำไร (ขาดทุน) ที่เกิดจากการจัดประเภทใหม่หรือการโอนเปลี่ยนประเภทของสินทรัพย์ทางการเงิน

กำไร (ขาดทุน) จากการจัดประเภทใหม่ของสินทรัพย์ทางการเงิน ประกอบด้วยเลขอ้างอิงที่ 270 ถึง 272"
439761,กำไร (ขาดทุน) จากการจัดประเภทใหม่ของสินทรัพย์ทางการเงินที่เคยรับรู้ไว้ด้วยราคาทุนตัดจำหน่าย,หมายถึง ผลต่างที่เกิดขึ้นจากการจัดประเภทใหม่ของสินทรัพย์ทางการเงินที่เดิมวัดมูลค่าด้วยราคาทุนตัดจำหน่าย ไปเป็นสินทรัพย์ทางการเงินที่วัดมูลค่าด้วยมูลค่ายุติธรรมผ่านกำไรหรือขาดทุน
439762,กำไร (ขาดทุน) สะสม จากการจัดประเภทใหม่ของสินทรัพย์ทางการเงินที่เคยรับรู้ไว้ในกำไรขาดทุนเบ็ดเสร็จอื่น,หมายถึง จำนวนเงินที่โอนผลสะสมของผลกำไรหรือขาดทุนที่เคยรับรู้ไว้ในกำไรขาดทุนเบ็ดเสร็จอื่นออกจากส่วนของเจ้าของมายังกำไรหรือขาดทุน ซึ่งเป็นผลมาจากการที่บริษัทจัดประเภทใหม่ของสินทรัพย์ทางการเงินที่วัดมูลค่าด้วยมูลค่ายุติธรรมผ่านกำไรขาดทุนเบ็ดเสร็จอื่นไปเป็นสินทรัพย์ทางการเงินที่วัดมูลค่าด้วยมูลค่ายุติธรรมผ่านกำไรหรือขาดทุน
439763,กำไร (ขาดทุน) จากการจัดประเภทใหม่ของสินทรัพย์ทางการเงิน - อื่น ๆ,หมายถึง กำไร (ขาดทุน) จากการจัดประเภทใหม่ของสินทรัพย์ทางการเงิน ในกรณีอื่น ๆ ที่นอกเหนือจากเลขอ้างอิงที่ 270 ถึง 271
439770,กำไร (ขาดทุน) จากการบัญชีป้องกันความเสี่ยง,"หมายถึง รายการดังต่อไปนี้
1. การป้องกันความเสี่ยงในมูลค่ายุติธรรม - กำไร (ขาดทุน) จากการวัดมูลค่ายุติธรรมของเครื่องมือที่ใช้ป้องกันความเสี่ยงและรายการที่มีการป้องกันความเสี่ยง ที่บริษัทไม่ได้แสดงสุทธิไว้ในรายการอื่น

2. การป้องกันความเสี่ยงในกระแสเงินสดและการป้องกันความเสี่ยงในเงินลงทุนสุทธิในหน่วยงานต่างประเทศ
2.1 กำไร (ขาดทุน) จากการวัดมูลค่ายุติธรรมของเครื่องมือที่ใช้ป้องกันความเสี่ยง เฉพาะส่วนของการป้องกันความเสี่ยงที่ไม่มีประสิทธิผล ที่บริษัทไม่ได้แสดงรวมไว้ในรายการอื่น
2.2 กำไร (ขาดทุน) สุทธิจากเครื่องมือที่ใช้ป้องกันความเสี่ยงและรายการที่มีการป้องกันความเสี่ยงเมื่อการป้องกันความเสี่ยงสิ้นสุด ที่บริษัทไม่ได้แสดงสุทธิไว้ในรายการอื่น

ทั้งนี้ รายการดังกล่าวให้แสดงยอดสุทธิของผลกำไรที่หักผลขาดทุนแล้ว "
431101,กำไร (ขาดทุน) จากการเปลี่ยนเงื่อนไขตราสารหนี้,หมายถึง กำไร (ขาดทุน) จากการเจรจาต่อรองใหม่หรือการเปลี่ยนแปลงเงื่อนไขของกระแสเงินสดตามสัญญาของสินทรัพย์ทางการเงินหรือหนี้สินทางการเงิน ซึ่งไม่มีการตัดรายการสินทรัพย์ทางการเงินหรือหนี้สินทางการเงินนั้น รวมถึงกำไร (ขาดทุน) จากการเปลี่ยนแปลงเงื่อนไขของสินทรัพย์ทางการเงินหรือหนี้สินทางการเงินที่ทำให้ต้องตัดรายการสินทรัพย์ทางการเงินหรือหนี้สินทางการเงินเดิมและรับรู้สินทรัพย์ทางการเงินหรือหนี้สินทางการเงินที่มีการเปลี่ยนแปลงเงื่อนไขใหม่
439780,ผลกำไร (ขาดทุน) จากยอดดุลสุทธิของรายการที่เป็นตัวเงิน,หมายถึง ผลต่างที่เกิดจากการปรับปรุงใหม่ของรายการที่ไม่เป็นตัวเงิน รายการในส่วนของเจ้าของ รายการในงบกำไรขาดทุนเบ็ดเสร็จ และจากการปรับปรุงสินทรัพย์และหนี้สินที่ผูกกับดัชนีราคา ซึ่งผลกำไรหรือขาดทุนดังกล่าวนี้จะเกิดขึ้นในสภาพเศรษฐกิจที่เงินเฟ้อรุนแรงโดยบริษัทอาจประมาณได้จากการนำอัตราการเปลี่ยนแปลงในดัชนีราคาทั่วไปปรับกับจำนวนถัวเฉลี่ยถ่วงน้ำหนักของผลต่างระหว่างสินทรัพย์และหนี้สินที่เป็นตัวเงิน ทั้งนี้ เป็นการปฏิบัติตามมาตรฐานการบัญชี ฉบับที่ 29 เรื่อง การรายงานทางการเงินในสภาพเศรษฐกิจที่เงินเฟ้อรุนแรง
439790,กำไร (ขาดทุน) อื่น - อื่น ๆ,หมายถึง กำไร (ขาดทุน) อื่น รายการอื่น ๆ นอกเหนือจากเลขอ้างอิงที่ 264 ถึง 275
409992,กำไร (ขาดทุน) ก่อนต้นทุนทางการเงิน และภาษีเงินได้,กำไร (ขาดทุน) ก่อนต้นทุนทางการเงิน และภาษีเงินได้ เป็นรายการสุทธิของเลขอ้างอิงที่ 240 และ 260 ถึง 263 
429900,ต้นทุนทางการเงิน,หมายถึง ค่าใช้จ่ายหรือต้นทุนที่เกิดขึ้นจากการก่อหนี้สินของบริษัท เช่น ดอกเบี้ยเงินกู้ที่รับรู้ตามวิธีอัตราดอกเบี้ยที่แท้จริง ค่าธรรมเนียมธนาคารที่เกิดจากการกู้ยืมเงินตัดจำหน่าย ดอกเบี้ยที่เกิดจากสัญญาเช่า รายการกำไรขาดทุนในส่วนที่เป็นส่วนทดแทนหรือเป็นดอกเบี้ยเสมือน เป็นต้น
439800,ภาษีเงินได้,หมายถึง ภาษีเงินได้นิติบุคคล ตามที่อยู่ในขอบเขตของมาตรฐานการบัญชี ฉบับที่ 12 เรื่อง ภาษีเงินได้
409995,กำไร (ขาดทุน) จากการดำเนินงานต่อเนื่อง,กำไร (ขาดทุน) จากการดำเนินงานต่อเนื่อง เป็นรายการสุทธิของเลขอ้างอิงที่ 277 ถึง 279
439900,กำไร (ขาดทุน) จากการดำเนินงานที่ยกเลิก,"หมายถึง ยอดรวมของรายการดังต่อไปนี้
1. กำไรหรือขาดทุนหลังภาษีเงินได้จากการดำเนินงานที่ยกเลิก และ
2. ผลกำไรหรือขาดทุนหลังภาษีเงินได้ที่รับรู้จากการวัดมูลค่ายุติธรรมสุทธิหักจากต้นทุนในการขาย หรือจากการจำหน่ายกลุ่มสินทรัพย์ที่ยกเลิกที่เกี่ยวข้องกับการดำเนินงานที่ยกเลิก"
409996,กำไร (ขาดทุน) สุทธิ สำหรับงวด,"หมายถึง ยอดรวมรายได้หักด้วยยอดรวมค่าใช้จ่าย

กำไร (ขาดทุน) สุทธิ สำหรับงวด เป็นผลรวมของเลขอ้างอิงที่ 280 ถึง 281"
430000,กำไรขาดทุนเบ็ดเสร็จอื่น,"หมายถึง รายการรายได้และค่าใช้จ่ายที่มาตรฐานการรายงานทางการเงินกำหนดให้รับรู้ผ่านกำไรขาดทุนเบ็ดเสร็จอื่น 

กำไรขาดทุนเบ็ดเสร็จอื่น ประกอบด้วยเลขอ้างอิงที่ 285 ถึง 304"
409991,กำไร (ขาดทุน) สุทธิ สำหรับงวด / กำไร (ขาดทุน) จากการดำเนินงานต่อเนื่อง,หมายถึง กำไร (ขาดทุน) สุทธิ สำหรับงวดที่เป็นรายการตั้งต้นสำหรับงบกำไรขาดทุนเบ็ดเสร็จอื่น ในกรณีที่บริษัทเลือกแสดงกำไรหรือขาดทุนและกำไรหรือขาดทุนเบ็ดเสร็จอื่นแยกเป็นสองงบ 
440000,รายการที่จัดประเภทรายการใหม่เข้าไปไว้ในกำไรหรือขาดทุนในภายหลัง,"รายการกำไรขาดทุนเบ็ดเสร็จอื่นที่จะมีการจัดประเภทรายการใหม่เข้าไปไว้ในกำไรหรือขาดทุนในภายหลังเมื่อเป็นไปตามเงื่อนไขที่เฉพาะเจาะจง 

รายการที่จัดประเภทรายการใหม่เข้าไปไว้ในกำไรหรือขาดทุนในภายหลัง ประกอบด้วยเลขอ้างอิงที่ 286 ถึง 295"
440100,กำไร (ขาดทุน) จากการวัดมูลค่าเงินลงทุนในตราสารหนี้ด้วยมูลค่ายุติธรรมผ่านกำไรขาดทุนเบ็ดเสร็จอื่น,หมายถึง กำไร (ขาดทุน) จากการวัดมูลค่าเงินลงทุนในตราสารหนี้ด้วยมูลค่ายุติธรรมผ่านกำไรขาดทุนเบ็ดเสร็จอื่น
440200,กำไร (ขาดทุน) จากการวัดมูลค่ายุติธรรมเครื่องมือที่ใช้สำหรับการป้องกันความเสี่ยงในกระแสเงินสด,หมายถึง กำไร (ขาดทุน) จากการวัดมูลค่ายุติธรรมเครื่องมือที่ใช้ป้องกันความเสี่ยงในกระแสเงินสด เฉพาะส่วนที่มีประสิทธิผล
440300,กำไร (ขาดทุน) จากการประเมินมูลค่ายุติธรรมตราสารป้องกันความเสี่ยงสำหรับป้องกันความเสี่ยงของเงินลงทุนสุทธิ,หมายถึง ส่วนของผลกำไรและขาดทุนของเครื่องมือที่ใช้ป้องกันความเสี่ยงในส่วนที่มีประสิทธิผลในเงินลงทุนสุทธิ (ในหน่วยงานต่างประเทศ) ที่ต้องรับรู้ในกำไรขาดทุนเบ็ดเสร็จอื่น
440500,ผลต่างอัตราแลกเปลี่ยนจากการแปลงค่างบการเงิน,หมายถึง ผลกำไรและขาดทุนจากการแปลงค่างบการเงินจากสกุลเงินที่ใช้ในการดำเนินงานของหน่วยงานในต่างประเทศ ให้เป็นสกุลเงินที่นำเสนอรายงาน
440600,กำไร (ขาดทุน) จากการเปลี่ยนแปลงในมูลค่าของมูลค่าตามเวลาของสัญญาสิทธิที่จะซื้อหรือจะขาย,หมายถึง กำไรและขาดทุนจากการเปลี่ยนแปลงในมูลค่าของมูลค่าตามเวลา (Time value) ของสัญญาสิทธิที่จะซื้อหรือจะขาย เมื่อบริษัทแยกมูลค่าที่แท้จริง (Intrinsic value) และมูลค่าตามเวลาของสัญญาสิทธิที่จะซื้อหรือจะขาย และกำหนดให้เฉพาะส่วนที่เป็นมูลค่าที่แท้จริงของสัญญาสิทธิที่จะซื้อหรือจะขายเป็นเครื่องมือป้องกันความเสี่ยง
440700,กำไร (ขาดทุน) จากการเปลี่ยนแปลงในมูลค่าของอัตราแลกเปลี่ยนล่วงหน้าของสัญญาซื้อขายล่วงหน้า,หมายถึง กำไรและขาดทุนจากการเปลี่ยนแปลงในมูลค่าของอัตราแลกเปลี่ยนล่วงหน้าของสัญญาซื้อขายล่วงหน้า เมื่อบริษัทแยกส่วนของอัตราแลกเปลี่ยนล่วงหน้าและส่วนของอัตราแลกเปลี่ยนทันทีของสัญญาซื้อขายล่วงหน้า (Separate the forward element and the spot element of a forward contract) และกำหนดให้เฉพาะการเปลี่ยนแปลงในมูลค่าของอัตราแลกเปลี่ยนทันทีของสัญญาซื้อขายล่วงหน้าเป็นเครื่องมือป้องกันความเสี่ยง
440800,กำไร (ขาดทุน) จากการเปลี่ยนแปลงในมูลค่าของส่วนต่างอัตราแลกเปลี่ยนเงินตราต่างประเทศ,หมายถึง กำไรและขาดทุนจากการเปลี่ยนแปลงในมูลค่าของส่วนต่างอัตราแลกเปลี่ยนเงินตราต่างประเทศ (Foreign currency basis spread) เมื่อบริษัทแยกส่วนต่างอัตราแลกเปลี่ยนเงินตราต่างประเทศออกจากเครื่องมือทางการเงินและไม่นำไปรวมในการกำหนดเครื่องมือทางการเงินเป็นเครื่องมือป้องกันความเสี่ยง
440900,ส่วนแบ่งกำไร (ขาดทุน) เบ็ดเสร็จอื่นในบริษัทย่อย บริษัทร่วม และการร่วมค้า (ภายใต้วิธีส่วนได้เสีย) สำหรับรายการที่จัดประเภทรายการใหม่เข้าไปไว้ในกำไรหรือขาดทุนในภายหลัง,หมายถึง ส่วนแบ่งกำไรขาดทุนเบ็ดเสร็จอื่นในส่วนที่สามารถจัดประเภทใหม่ไว้ในกำไรหรือขาดทุนในภายหลัง ซึ่งรับรู้ตามวิธีส่วนได้เสีย สำหรับเงินลงทุนในบริษัทย่อย บริษัทร่วม และการร่วมค้า
449800,องค์ประกอบอื่นของกำไรขาดทุนเบ็ดเสร็จอื่นที่จะจัดประเภทรายการใหม่เข้าไปไว้ในกำไรหรือขาดทุนในภายหลัง,หมายถึง กำไรขาดทุนเบ็ดเสร็จอื่น สำหรับรายการอื่น ๆ ที่อาจถูกจัดประเภทใหม่ไว้ในกำไรหรือขาดทุนในภายหลัง นอกเหนือจากเลขอ้างอิงที่ 286 ถึง 293
449900,ภาษีเงินได้ของรายการที่จะจัดประเภทรายการใหม่เข้าไปไว้ในกำไรหรือขาดทุนในภายหลัง,หมายถึง จำนวนภาษีเงินได้เกี่ยวกับแต่ละองค์ประกอบของกำไรขาดทุนเบ็ดเสร็จอื่นที่อาจถูกจัดประเภทใหม่ไว้ในกำไรหรือขาดทุนในภายหลังข้างต้น ในกรณีที่บริษัทเลือกแสดงองค์ประกอบของกำไรขาดทุนเบ็ดเสร็จอื่นด้วยยอดก่อนหักผลกระทบทางภาษีที่เกี่ยวข้อง และแสดงรายการภาษีที่เกี่ยวข้องเป็นรายการแยกต่างหาก
450000,รายการที่ไม่จัดประเภทรายการใหม่เข้าไปไว้ในกำไรหรือขาดทุนในภายหลัง,รายการที่ไม่จัดประเภทรายการใหม่เข้าไปไว้ในกำไรหรือขาดทุนในภายหลัง ประกอบด้วยเลขอ้างอิงที่ 297 ถึง 303
450100,กำไร (ขาดทุน) จากการเปลี่ยนแปลงในส่วนเกินทุนจากการตีราคาสินทรัพย์,หมายถึง การเปลี่ยนแปลงในส่วนเกินทุนจากการตีราคาที่ดิน อาคารและอุปกรณ์ และสินทรัพย์ไม่มีตัวตน
450200,กำไร (ขาดทุน) จากการวัดมูลค่าเงินลงทุนในตราสารทุนด้วยมูลค่ายุติธรรมผ่านกำไรขาดทุนเบ็ดเสร็จอื่น,หมายถึง ผลกำไร (ขาดทุน) จากการวัดมูลค่าเงินลงทุนในตราสารทุน กรณีที่บริษัทเลือกวัดมูลค่ายุติธรรมในภายหลังของเงินลงทุนในตราสารทุนผ่านกำไรขาดทุนเบ็ดเสร็จอื่น ทั้งนี้ รวมถึงผลกำไร (ขาดทุน) จากเครื่องมือป้องกันความเสี่ยงที่มีประสิทธิผลในการป้องกันความเสี่ยงในมูลค่ายุติธรรมของเงินลงทุนในตราสารทุนที่วัดมูลค่ายุติธรรมผ่านกำไรขาดทุนเบ็ดเสร็จอื่น
450300,กำไร (ขาดทุน) จากหนี้สินทางการเงินที่กำหนดให้วัดมูลค่ายุติธรรมผ่านกำไรขาดทุนอันเนื่องมาจากความเสี่ยงด้านเครดิต,หมายถึง ผลกำไร (ขาดทุน) จากการเปลี่ยนแปลงมูลค่ายุติธรรมของหนี้สินทางการเงินที่บริษัทวัดมูลค่าด้วยมูลค่ายุติธรรมผ่านกำไรหรือขาดทุน เฉพาะส่วนเปลี่ยนแปลงในมูลค่ายุติธรรมของหนี้สินที่เป็นผลจากการเปลี่ยนแปลงความเสี่ยงด้านเครดิตของหนี้สินนั้น
450500,ส่วนแบ่งกำไร (ขาดทุน) เบ็ดเสร็จอื่นในบริษัทย่อย บริษัทร่วม และการร่วมค้า (ภายใต้วิธีส่วนได้เสีย) สำหรับรายการที่ไม่จัดประเภทรายการใหม่เข้าไปไว้ในกำไรหรือขาดทุนในภายหลัง,หมายถึง ส่วนแบ่งกำไร (ขาดทุน) เบ็ดเสร็จอื่นในส่วนที่ไม่สามารถจัดประเภทใหม่ไว้ในกำไรหรือขาดทุนได้ในภายหลัง ซึ่งรับรู้ตามวิธีส่วนได้เสีย สำหรับเงินลงทุนในบริษัทย่อย บริษัทร่วม และการร่วมค้า
450600,กำไร (ขาดทุน) จากการประมาณการตามหลักคณิตศาสตร์ประกันภัยสำหรับโครงการผลประโยชน์พนักงาน,หมายถึง ผลกำไร (ขาดทุน) จากการประมาณการตามหลักคณิตศาสตร์ประกันภัย และการเปลี่ยนแปลงใด ๆ ที่เกิดจากผลกระทบของเพดานของสินทรัพย์โครงการที่เกี่ยวข้อง (ตามเงื่อนไขการรับรู้ตามมาตรฐานการบัญชี ฉบับที่ 19 เรื่อง ผลประโยชน์พนักงาน)
459800,องค์ประกอบอื่นของกำไรขาดทุนเบ็ดเสร็จอื่นที่จะไม่จัดประเภทรายการใหม่เข้าไปไว้ในกำไรหรือขาดทุนในภายหลัง,หมายถึง กำไรขาดทุนเบ็ดเสร็จอื่น สำหรับรายการอื่น ๆ ที่จะไม่ถูกจัดประเภทใหม่ไว้ในกำไรหรือขาดทุนในภายหลัง นอกเหนือจากเลขอ้างอิงที่ 297 ถึง 301
459900,ภาษีเงินได้ของรายการที่จะไม่จัดประเภทรายการใหม่เข้าไปไว้ในกำไรหรือขาดทุนในภายหลัง,หมายถึง จำนวนภาษีเงินได้เกี่ยวกับแต่ละองค์ประกอบของกำไรขาดทุนเบ็ดเสร็จอื่นที่จะไม่ถูกจัดประเภทใหม่ไว้ในกำไรหรือขาดทุนในภายหลังข้างต้น ในกรณีที่บริษัทเลือกแสดงองค์ประกอบของกำไรขาดทุนเบ็ดเสร็จอื่นด้วยยอดก่อนหักผลกระทบทางภาษีที่เกี่ยวข้อง และแสดงรายการภาษีที่เกี่ยวข้องเป็นรายการแยกต่างหาก
409998,กำไร (ขาดทุน) เบ็ดเสร็จอื่น - สุทธิจากภาษี,"หมายถึง ผลรวมของกำไร (ขาดทุน) เบ็ดเสร็จอื่น ประกอบด้วยผลรวมรายการกำไรขาดทุนเบ็ดเสร็จอื่นที่อาจถูกจัดประเภทใหม่ไว้ในกำไรหรือขาดทุนในภายหลัง และผลรวมรายการกำไรขาดทุนเบ็ดเสร็จอื่นที่จะไม่ถูกจัดประเภทใหม่ไว้ในกำไรหรือขาดทุนในภายหลัง

กำไร (ขาดทุน) เบ็ดเสร็จอื่น - สุทธิจากภาษี เป็นรายการสุทธิของเลขอ้างอิงที่ 285 ถึง 303"
409999,กำไร (ขาดทุน) เบ็ดเสร็จรวม สำหรับงวด,"กรณีที่บริษัทเลือกแสดงงบกำไรขาดทุนและกำไรขาดทุนเบ็ดเสร็จอื่นแยกเป็นสองงบ รายการกำไร (ขาดทุน) เบ็ดเสร็จรวม สำหรับงวด เป็นรายการสุทธิของเลขอ้างอิงที่ 281 284 และ 304

กรณีที่บริษัทเลือกแสดงงบกำไรขาดทุนและกำไรขาดทุนเบ็ดเสร็จอื่นในงบเดียว รายการกำไร (ขาดทุน) เบ็ดเสร็จรวม สำหรับงวด เป็นรายการสุทธิของเลขอ้างอิงที่ 282 และ 304"
460000,การแบ่งปันกำไร (ขาดทุน) สุทธิ,"หมายถึง การแบ่งปันกำไร (ขาดทุน) สุทธิสำหรับงวดให้แก่ผู้ถือหุ้น ทั้งในส่วนที่เป็นของบริษัทใหญ่ และส่วนที่เป็นของส่วนได้เสียที่ไม่มีอำนาจควบคุม

การแบ่งปันกำไร (ขาดทุน) สุทธิ ประกอบด้วยเลขอ้างอิงที่ 307 ถึง 308"
460100,การแบ่งปันกำไร (ขาดทุน) สุทธิ : ผู้ถือหุ้นบริษัทใหญ่,หมายถึง กำไร (ขาดทุน) สุทธิสำหรับส่วนของผู้ถือหุ้นของบริษัทใหญ่
460200,การแบ่งปันกำไร (ขาดทุน) สุทธิ : ส่วนได้เสียที่ไม่มีอำนาจควบคุม,หมายถึง กำไร (ขาดทุน) สุทธิ สำหรับส่วนของส่วนได้เสียที่ไม่มีอำนาจควบคุมในบริษัทย่อยของกลุ่มบริษัท รวมถึง กำไร (ขาดทุน) สุทธิ สำหรับส่วนที่เป็นของผู้ถือหุ้นเดิมก่อนการปรับโครงสร้างธุรกิจภายใต้การควบคุมเดียวกัน
470000,การแบ่งปันกำไร (ขาดทุน) เบ็ดเสร็จรวม,"หมายถึง การแบ่งปันกำไร (ขาดทุน) เบ็ดเสร็จรวมสำหรับงวดให้แก่ผู้ถือหุ้น ทั้งในส่วนที่เป็นของบริษัทใหญ่ และส่วนที่เป็นของส่วนได้เสียที่ไม่มีอำนาจควบคุม

การแบ่งปันกำไร (ขาดทุน) เบ็ดเสร็จรวม ประกอบด้วยเลขอ้างอิงที่ 310 ถึง 311"
470100,การแบ่งปันกำไร (ขาดทุน) เบ็ดเสร็จรวม : ผู้ถือหุ้นบริษัทใหญ่,หมายถึง กำไร (ขาดทุน) เบ็ดเสร็จรวมสำหรับส่วนของผู้ถือหุ้นของบริษัทใหญ่
470200,การแบ่งปันกำไร (ขาดทุน) เบ็ดเสร็จรวม : ส่วนได้เสียที่ไม่มีอำนาจควบคุม,หมายถึง กำไร (ขาดทุน) เบ็ดเสร็จรวมสำหรับส่วนของส่วนได้เสียที่ไม่มีอำนาจควบคุมในบริษัทย่อยของกลุ่มบริษัท รวมถึง กำไร (ขาดทุน) เบ็ดเสร็จรวม สำหรับส่วนที่เป็นของผู้ถือหุ้นเดิมก่อนการปรับโครงสร้างธุรกิจภายใต้การควบคุมเดียวกัน
480100,กำไร (ขาดทุน) ต่อหุ้นขั้นพื้นฐาน (บาท/หุ้น),หมายถึง ส่วนกำไรหรือขาดทุนต่อหุ้นขั้นพื้นฐานที่เป็นของผู้ถือหุ้นสามัญของบริษัทใหญ่ โดยวิธีการคำนวณให้เป็นไปตามที่กำหนดในมาตรฐานการรายงานทางการเงินที่เกี่ยวข้อง
480200,กำไร (ขาดทุน) ต่อหุ้นปรับลด (บาท/หุ้น),หมายถึง ส่วนกำไรหรือขาดทุนต่อหุ้นปรับลดที่เป็นของผู้ถือหุ้นสามัญของบริษัทใหญ่ ซึ่งมีการปรับปรุงกำไรหรือขาดทุนที่เป็นของผู้ถือหุ้นสามัญของบริษัทใหญ่และจำนวนถัวเฉลี่ยถ่วงน้ำหนักของหุ้นสามัญที่ถือโดยผู้ถือหุ้น ด้วยผลกระทบที่เกี่ยวข้องกับตราสารที่อาจเปลี่ยนเป็นหุ้นสามัญ ที่อาจก่อให้เกิดการลดลงของกำไรต่อหุ้น โดยวิธีการคำนวณให้เป็นไปตามที่กำหนดในมาตรฐานการรายงานทางการเงินที่เกี่ยวข้อง
